3896198,Guardians of the Galaxy Vol. 2,2017-05-05,2018-04-03 20:13:47.984497,Marvel Studios,Walt Disney Pictures
5836316,The Last Movie Star,2018-03-30,2018-04-03 20:13:48.656988,Broken Twig Productions Inc.,Stonelock Pictures,Visionary Artists (II),"Whitener Company, The"
1972591,King Arthur: Legend of the Sword,2017-05-12,2018-04-03 20:13:49.419552,Warner Bros.,Village Roadshow Pictures,Weed Road Pictures,Safehouse Pictures,Wigram Productions,RatPac-Dune Entertainment
2568862,Going in Style,2017-04-07,2018-04-03 20:13:50.050353,De Line Pictures,Metro-Goldwyn-Mayer (MGM),New Line Cinema,RatPac Entertainment,Village Roadshow Pictures,Warner Bros.
4630562,The Fate of the Furious,2017-04-14,2018-04-03 20:13:50.828705,Universal Pictures,China Film Co.,Original Film,One Race Films,Dentsu,Fuji Eight Company Ltd.
2582784,Flower,2018-03-16,2018-04-03 20:13:51.640850,Diablo Entertainment (II),Rough House Pictures,Metalwork Pictures
4287320,The Circle,2017-04-28,2018-04-03 20:13:52.297551,1978 Films,Imagenation Abu Dhabi FZ,Likely Story,Parkes+MacDonald Image Nation,Playtone,Route One Entertainment
3986820,The Endless,2018-04-06,2018-04-03 20:13:52.870155,Snowfort Pictures,Pfaff & Pfaff Productions,Love & Death Productions (LDP),Rustic Films
4695012,It Comes at Night,2017-06-09,2018-04-03 20:13:53.634441,Animal Kingdom,A24
4481414,Gifted,2017-04-12,2018-04-03 20:13:54.348192,Dayday Films,FilmNation Entertainment,Fox Searchlight Pictures,Grade A Entertainment
1734493,Unlocked,2017-05-05,2018-04-03 20:13:54.949027,Bloom,Czech Anglo Productions,Di Bonaventura Pictures,Lipsync Productions,SRA Productions,Silver Reel,Unlocked Distribution
2291540,My Friend Dahmer,2018-06-01,2018-04-03 20:13:55.615949,Ibid Filmworks,Aperture Entertainment,Attic Light Films
5126922,The Pirates of Somalia,2017-12-08,2018-04-03 20:13:56.357025,Hungry Man,BCDF Pictures,Kalahari Pictures
3462710,Unforgettable,2017-04-21,2018-04-03 20:13:57.060714,DiNovi Pictures
5457078,Love After Love,2018-03-30,2018-04-03 20:13:57.693476,Secret Engine,Weedon Media
4581576,Aftermath,2017-04-07,2018-04-03 20:13:58.421905,Emmett/Furla/Oasis Films (EFO Films),Hat and Cat Productions,Ingenious Media,Oak Productions,Pacific View Management,Protozoa Pictures,Union Editorial,thefyzz
4607722,Blame,2018-01-05,2018-04-03 20:13:59.385538,Reel Enigma
5390066,Permission,2018-02-09,2018-04-03 20:14:00.251695,Ball & Chain Productions,Circadian Pictures,Paper Trail,Picture Films
2582576,Sand Castle,2017-04-21,2018-04-03 20:14:01.127554,The Mark Gordon Company,Treehouse Pictures,International Traders
6113488,The Case for Christ,2017-04-07,2018-04-03 20:14:01.784565,Triple Horse Studios,Pure Flix Entertainment
5461956,The Clapper,2018-01-26,2018-04-03 20:14:02.430571,Oriah Entertainment,Cedarvale Pictures,LTD Films,Pacific Electric Picture Company,Kodiak Pictures,Skit Bags Entertainment
5893332,Sandy Wexler,2017-04-14,2018-04-03 20:14:03.583866,Happy Madison Productions,Netflix
1785288,An Ordinary Man,2018-04-13,2018-04-03 20:14:04.123806,Enderby Entertainment,Lavender Pictures,Reveal Entertainment
5318534,People You May Know,2017-04-07,2018-04-03 20:14:04.757088,Red Ladders Entertainment,Once Upon a Time Productions,YayBig Productions
1544608,Voice from the Stone,2017-04-28,2018-04-03 20:14:05.345178,Zanuck Independent,Code 39 Films,Producer Capital Fund
2582498,Sweet Virginia,2017-12-21,2018-04-03 20:14:06.085466,Automatik,Exhibit,Oddfellows Entertainment,XYZ Films
4795124,How to Be a Latin Lover,2017-04-28,2018-04-03 20:14:06.716046,Pantelion Films,3Pas Studios
3531202,Pilgrimage,2017-08-11,2018-04-03 20:14:07.262035,Savage Productions,Irish Film Board,Centre du Cinéma et de l'Audiovisuel de la Fédération Wallonie-Bruxelles,Cinéfinance Tax Shelter,Pôle Image de Liège,Wrong Men North,XYZ Films
4610748,Devil's Gate,2018-01-05,2018-04-03 20:14:07.918410,Caramel Film,Mednick Productions
5435476,Tilt,2017-04-22,2018-04-03 20:14:08.569284,Ball & Chain Productions,ReKon Productions
5716380,Thumper,2017-11-10,2018-04-03 20:14:09.126351,Exhibit,Automatik,Parliament of Owls
2184233,1 Mile to You,2017-04-07,2018-04-03 20:14:09.706347,Cinema Revival,Culmination Productions,Ingenious Media,LATS Productions,WeatherVane Productions
3343868,The Veil,2017-04-15,2018-04-03 20:14:10.416358,BRG Films,Native Warrior,Toy Gun Films
6574272,Phoenix Forgotten,2017-04-21,2018-04-03 20:14:11.479066,Cinelou Films,Scott Free Productions
5910344,The House of Tomorrow,2017-04-08,2018-04-03 20:14:12.142673,Superlative Films,Water's End Productions
6735670,King Arthur and the Knights of the Round Table,2017-04-24,2018-04-03 20:14:12.739952,Benetone Films,"Asylum, The","Global Asylum, The"
4280540,Western World,2017-04-11,2018-04-03 20:14:13.533432,Garnet Films
5770620,The Lovers,2017-05-05,2018-04-03 20:14:14.161734,A24
5851014,Savage Dog,2017-08-04,2018-04-03 20:14:14.818517,Cho Man Ro Enterprises,Compound B,Blacklist Digital,Bleiberg Entertainment,XLrator Media
6598626,Take Me,2017-05-05,2018-04-03 20:14:15.966567,Duplass Brothers Productions
3548028,Aardvark,2018-04-13,2018-04-03 20:14:16.486693,Before The Door Pictures,Susie Q Productions,Slendro Media
5096846,The Boy Downstairs,2018-02-16,2018-04-03 20:14:17.021371,"Boy Downstairs Productions, The",Cliffbrook Films,Motion Picture Capital
5219972,Class Rank,2018-05-11,2018-04-03 20:14:17.959393,SSS Entertainment,LB Entertainment
3693042,Grey Lady,2017-04-28,2018-04-03 20:14:18.664492,Beacon Pictures,Broadvision Entertainment,Moody Independent,Pataphysical Productions
4967220,Keep the Change,2018-03-16,2018-04-03 20:14:19.547102,Salem Street Entertainment,Tangerine Entertainment
5758802,"Literally, Right Before Aaron",2017-04-22,2018-04-03 20:14:20.510385,Indy Entertainment,Rizk Pictures,Unison Films
4843344,Speech & Debate,2017-04-07,2018-04-03 20:14:21.136751,Sycamore Pictures
4902260,The Eyes,2017-04-07,2018-04-03 20:14:22.209065,Good To Be Seen Films
6410534,The Portal,2017-04-25,2018-04-03 20:14:23.187354,Ruthless Studios
4971346,Axis,2017-09-29,2018-04-03 20:14:24.052376,Hot Machine
5472896,Psychopaths,2017-12-01,2018-04-03 20:14:24.919848,Glass Eye Pix,High Window Films,Sorrows Entertainment
2850480,The Girl Who Invented Kissing,2017-04-29,2018-04-03 20:14:25.786630,308 Ent,An Olive Branch Productions,Familiar Spirit
3829378,Stephanie,2017-04-27,2018-04-03 20:14:26.925340,Blumhouse Productions,Chapter One Films,Gotham Group,Unbroken Pictures
5654600,Saturday Church,2018-01-12,2018-04-03 20:14:27.658314,Spring Pictures,Round Films
4134826,But Deliver Us from Evil,2017-04-27,2018-04-03 20:14:28.214850,20/20 Visions Entertainment Group,Backseat Conceptions,Casal Media,Get-Kinetic,Maximum Group,Two Twelve Degrees
3731580,We Don't Belong Here,2017-04-04,2018-04-03 20:14:28.734686,Bright Space
5817022,One Percent More Humid,2017-04-21,2018-04-03 20:14:29.793616,La Pistola,Red Entertainment
6752320,High Heel Homicide,2017-04-21,2018-04-03 20:14:30.448990,Retromedia Entertainment
2273648,Adrenochrome,2018-02-01,2018-04-03 20:14:31.557678,True Auteur Pictures
6580394,The Fast and the Fierce,2017-04-01,2018-04-03 20:14:32.368836,"Asylum, The"
4516352,Bethany,2017-10-05,2018-04-03 20:14:33.505976,Brilliant Screen Studios,Grit Film Works,Koed Films
3499358,A Demon Within,2018-01-12,2018-04-03 20:14:34.095348,Zoe and Pebbles Productions
4616802,Boomtown,2017-09-05,2018-04-03 20:14:34.892241,a Stay Fly production,Thirty Tigers
6624312,Rodney King,2017-04-28,2018-04-03 20:14:35.854498,40 Acres & A Mule Filmworks,Buffalo 8 Productions
5878326,"Jesus, Bro!",2017-04-14,2018-04-03 20:14:36.530983,Walkaway Entertainment
3810810,Nadie nos mira,2017-09-08,2018-04-03 20:14:37.630302,CEPA Audiovisual,Mad Love Film Factory,Aleph Motion Pictures,Taiga Filmes,La Panda,Travesia Productions,Miss Wasabi,Schortcut Films,Epicentre Films,Perdomo Productions,Ibermedia,Instituto Nacional de Cine y Artes Audiovisuales (INCAA)
5143890,Justice,2017-09-15,2018-04-03 20:14:38.284963,Chasing Butterflies Pictures,Splash House Pictures,Check Entertainment,Chasing Butterflies,JLE Cinema Group,Revolution Film Group,Samera Entertainment
5539284,Special Unit,2017-10-11,2018-04-03 20:14:39.221884
4875962,The Spearhead Effect,unknow,2018-04-03 20:14:40.263013,Maelstrom
6736812,The Green Fog,2017-04-16,2018-04-03 20:14:41.149836,Extra Large Productions
5651458,Camera Obscura,2017-06-09,2018-04-03 20:14:42.080704,Chiller Films,Hood River Entertainment,Paper Street Pictures
5802404,Thirst Street,2018-07-04,2018-04-03 20:14:42.899071,PaperMoon Films,In Vivo Films,Industry Standard Films,Maudit Films,Salem Street Entertainment,Solab,"Third Generation, The",UnLTD Productions,Washington Square Films,Yellow Bear Films
6589292,Mustang Island,2017-04-01,2018-04-03 20:14:43.904633,Pepper Island Films
3647784,Juarez 2045,2018-02-17,2018-04-03 20:14:45.081246,Abrupt Films
1572169,South Dakota,2017-04-28,2018-04-03 20:14:45.983275,Lionheart Movies
6137494,Girl Followed,2017-05-15,2018-04-03 20:14:46.817271,Creative Arts Entertainment Group Inc.
5028598,The 60 Yard Line,2017-04-02,2018-04-03 20:14:47.911279,"60 Yard Line, The",ChurcHiE Prods
4424722,7 Witches,2017-04-14,2018-04-03 20:14:48.507967,GMMG Films
5789944,Surprise Me!,2017-04-27,2018-04-03 20:14:49.496239
4789618,Finding Her,unknow,2018-04-03 20:14:51.227161,Road Light Pictures,Smart Film,Studio 3
4147596,Breaking Legs,unknow,2018-04-03 20:14:52.316021,UFO Pictures,Ditch Pitchures
5462906,Abundant Acreage Available,2017-04-20,2018-04-03 20:14:53.117110,Abundant Productions
4729790,Carter & June,2017-04-28,2018-04-03 20:14:54.230656,Sacred Bull Media
5175636,Abe & Phil's Last Poker Game,2017-04-24,2018-04-03 20:14:54.831441,Long Road Film
4274788,The Sex Addict,2017-04-18,2018-04-03 20:14:55.897650,Burning Bridge Pictures
6462084,Evil Bong 666,2017-04-20,2018-04-03 20:14:56.955470,Full Moon Entertainment,Full Moon Features
5637736,Wraith,2017-04-05,2018-04-03 20:14:58.042004
4274656,Grow House,2017-04-20,2018-04-03 20:14:58.925488,Grow House Film
3482000,A Thousand Junkies,2017-04-22,2018-04-03 20:15:00.026147,THI Productions,Whitewater Films
4942478,The Basement,2017-04-28,2018-04-03 20:15:01.027559,Intergalactic Productions,Pannonia Pictures
3696610,Stuck,2017-04-23,2018-04-03 20:15:01.630010,MJW Films,Little Angel Productions
5651952,The Lears,2017-04-22,2018-04-03 20:15:02.776578,NeoClassics Films,NeoClassics Films,Raven West Films Ltd.
3629032,Bunnyman Vengeance,2017-10-30,2018-04-03 20:15:03.975094,ANOC Productions
4780578,Negative,2017-09-19,2018-04-03 20:15:04.927799,MarVista Entertainment,Meydenbauer Entertainment,Face Films
5924114,Holy Terror,2017-04-01,2018-04-03 20:15:05.907861,CineRidge Entertainment
3663718,August Falls,2017-04-17,2018-04-03 20:15:07.045427,BelleHammer,Umbrage Entertainment
5034444,Lucky's Treasure,2017-04-04,2018-04-03 20:15:08.026204,Grace Alone Films
3063364,Never Leave Alive,2017-04-25,2018-04-03 20:15:09.169277,"Most Dangerous Game, The"
5923752,Pool Party Massacre,2017-04-20,2018-04-03 20:15:10.169677
5669410,Tombstone-Rashomon,2017-04-08,2018-04-03 20:15:11.045588,Tombstone Limited
5524630,Lazarat,2017-04-26,2018-04-03 20:15:11.823642,Mercury Films
6357202,Asylum of Darkness,2017-04-10,2018-04-03 20:15:12.664842,Season of Darkness LLC
3517776,Halfway,2017-04-21,2018-04-03 20:15:13.626868,JP International Productions
4698940,Hard Surfaces,unknow,2018-04-03 20:15:14.545113,Kumonryu Creative,North of Two
5322136,Party Night,2017-04-28,2018-04-03 20:15:15.746828,Fright Meter Films
5453522,Alien Code,unknow,2018-04-03 20:15:16.838482,"Men Productions, The"
6123206,Zer,2017-04-21,2018-04-03 20:15:18.006007,Köz Film,Newa Film
2920294,Cigarette Soup,2017-04-10,2018-04-03 20:15:18.985091,DLP Media
5601792,The Meanest Man in Texas,unknow,2018-04-03 20:15:20.097495,Higher Purpose Entertainment,Ohana Films Entertainment
3415398,JackRabbit 29,2017-04-26,2018-04-03 20:15:21.430069,Klubalturn Productions
3722356,The Wicked One,2017-04-23,2018-04-03 20:15:22.714505,Jonestown Films,Studio 605
5174992,I Hate the Man in My Basement,2017-04-22,2018-04-03 20:15:23.742655,Green Pasture Productions,Spartafox
5918632,Butcher the Bakers,2017-04-28,2018-04-03 20:15:24.924055,Hometown Hero Productions
2886714,Maybe Someday,2017-04-01,2018-04-03 20:15:26.051114,Chain Reaction,Elocin Entertainment
2379673,Blackmail,2017-04-01,2018-04-03 20:15:27.133973,Archer Films Entertainment,Tigertail Films
4301112,The Depths,2017-04-27,2018-04-03 20:15:28.132098,Intimation Productions,Halcyon Valor Productions
3378384,Tapestry,2017-04-08,2018-04-03 20:15:29.135228,Massive Film Project,SlapShot Entertainment,Keep It Moving Productions
5109302,Ghost Note,2017-08-01,2018-04-03 20:15:30.159770,Astaroth Productions,Skyclad Entertainment,VMC Pictures
3249124,Hitchhiker Massacre,2017-04-03,2018-04-03 20:15:30.973756,Retrofocus Pictures,Zapruter Productions
5870362,The First Time Club,2017-04-02,2018-04-03 20:15:32.417521,Source Productions (II)
4911288,Danger Close,2017-10-18,2018-04-03 20:15:33.433565,Alex Quade Films,BASE Productions,Strong Eagle Media
5193658,The Mason Brothers,2017-04-14,2018-04-03 20:15:34.639431,KS Pictures
4060244,In God's Time,2017-04-04,2018-04-03 20:15:35.485290,Show Must On Films
5022560,Goodland,2018-04-27,2018-04-03 20:15:36.774239,Rockhaven Films
4688518,Nine Seconds,2017-04-15,2018-04-03 20:15:37.734869,Picto Films
2852500,The Bigfoot Project,2017-04-04,2018-04-03 20:15:38.794000,Fallen Films,June Street Productions,Midas Touch Media
6382744,Something Stolen,2017-04-15,2018-04-03 20:15:39.812233,RollCage Productions,RollCage Productions
5797534,The God of Small Things,unknow,2018-04-03 20:15:40.344336,Manhattan Film Academy,Polish National Film School,Tutak Films
4567320,Born Guilty,2017-04-07,2018-04-03 20:15:41.429731
5958178,Into the Who Knows!,2017-04-09,2018-04-03 20:15:42.166122
3793632,Zombie Pizza,unknow,2018-04-03 20:15:42.662465,Untamed Pictures
3891162,My Amish World,2017-04-26,2018-04-03 20:15:43.877495,Peace World Productions
5673422,Frazier Park Recut,2017-04-28,2018-04-03 20:15:45.347300,Nano Pictures,8750 Films
4135342,STAR [Space Traveling Alien Reject],2017-04-28,2018-04-03 20:15:46.695567,DefTone Pictures Studios
4886942,The Lurking Man,2017-04-18,2018-04-03 20:15:48.034825,RMR Productions
4394034,Neil Stryker and the Tyrant of Time,2017-04-11,2018-04-03 20:15:49.479821,Lombo Bardi Productions,Taylor Twin Pictures
6148782,King of Peking,2017-04-20,2018-04-03 20:15:50.625062,Peking Pictures,Seesaw Entertainment
2357868,Chicanery,2017-04-29,2018-04-03 20:15:51.415077,Foo Dog Productions
2292168,The Street Where We Live,2017-04-21,2018-04-03 20:15:52.998814,Arbor Ave. Films,Never The Luck Productions,Route 7 Films
6582774,The Fix It Boys,2017-04-03,2018-04-03 20:15:53.783217
6426184,William Shakespeare's a Midsummer Night's Dream,2017-04-07,2018-04-03 20:15:55.113882,IX Productions
5195828,Dry Blood,2017-04-23,2018-04-03 20:15:56.185274,Business Lunch Productions
1754316,Art of Deception,2017-04-01,2018-04-03 20:15:57.431951,Ox Films
5047090,Black Cat,2017-04-27,2018-04-03 20:16:00.670355,Wesley Curtis Productions
6754192,Death-Scort Service Part 2: The Naked Dead,2017-04-07,2018-04-03 20:16:02.401870,Gatorblade Films
6206204,The Tree,2017-04-01,2018-04-03 20:16:03.546723,NEVER2LATE Productions
5313994,Domestic Seduction,2017-04-30,2018-04-03 20:16:04.298009,AboutFace Media
6266772,The Mountain,2017-04-30,2018-04-03 20:16:04.790637
1995458,The Bang Bang Brokers,2017-04-11,2018-04-03 20:16:05.330117,Brooklyn Reptyle Films,Saddle Ranch Productions,Super Rad Motion Picture Group
5941004,Bayou Ghost Story,2017-04-18,2018-04-03 20:16:05.934844,Together Magic Films
4602074,001 Trolling,2017-04-06,2018-04-03 20:16:07.036322,Collage Fossil
7165516,So Help Us God,2017-04-13,2018-04-03 20:16:07.984299,Faith House Pictures
5069110,Viral Beauty,unknow,2018-04-03 20:16:09.180614,LamKill Pictures
4871342,Back for Good,2017-04-01,2018-04-03 20:16:10.302936,DragonWake Films
5638178,Gridlock,2017-04-26,2018-04-03 20:16:11.832995,Violet State Productions
4851270,Black Holler,2017-04-24,2018-04-03 20:16:12.291793,Black Holler,Grand Prize Studios,Heidi the 13th Productions,Pudding Cloud Productions,"Rest of the Show Design, The"
4916788,Bloodhound Law,2017-04-29,2018-04-03 20:16:13.137555,SlateGate Cinema,SlateGate Cinema,Snakebyte Productions and Entertainment Group,Caravan West Productions
2973286,The Right to Live,2017-04-01,2018-04-03 20:16:14.453465,RayStar Film and Production
5971892,Unwavering,2017-04-22,2018-04-03 20:16:15.555021,Menning Photographic Films
2976766,Beta,2017-04-13,2018-04-03 20:16:16.409860,LMTC Productions
7530068,Relativity,2017-04-28,2018-04-03 20:16:17.489372,EU Films
6626040,Black Magic for White Boys,2017-04-23,2018-04-03 20:16:18.660734
6864870,200 Miles,2017-04-26,2018-04-03 20:16:19.474594,Tribeca Digital Studios,Resonant Pictures
5198764,Tenn,2017-04-08,2018-04-03 20:16:20.472134,Elysium Bandini Studios
6632338,The Other One,2017-04-02,2018-04-03 20:16:21.291479
6186594,The Evil Rises,unknow,2018-04-03 20:16:22.141320
6189720,The Fixer,2017-04-01,2018-04-03 20:16:23.019876,Bank Shot Productions
6873702,Azad,2017-04-21,2018-04-03 20:16:23.930919,Azad Productions
6744160,And the Boys Go,2017-04-05,2018-04-03 20:16:24.765920
3226570,Snakebite Protection Chronicles,2017-04-07,2018-04-03 20:16:25.790811
6756332,The Things We Do When We're Alone,2017-04-23,2018-04-03 20:16:26.815322,Dinosaur Hawk Films
5350300,Hunters' Crossing,2017-04-21,2018-04-03 20:16:27.838391,Hidden Gnome Films,Hidden Gnome Films
5984662,Tormenting the Hen,2017-04-28,2018-04-03 20:16:29.081691,Brokenhorse Productions,Factory 25 Productions
3418854,Burning Dog,2017-04-15,2018-04-03 20:16:29.921965,Bandwagon Media,Burning Dog
6639876,Founding Father,2017-04-05,2018-04-03 20:16:31.132691,Anaik Productions
5289998,Nefarious,2017-04-21,2018-04-03 20:16:32.168390,Silent Envy Productions
6818526,Phantasmagoria,2017-04-21,2018-04-03 20:16:33.744179,Phantasma Disques
5925370,Blood Moon River,2017-04-22,2018-04-03 20:16:34.986865,Drop Dead Entertainment,HM&M; Films,Quattro Venti Scott Productions,Rad Entertainment
6327886,Exorcism of the 7th Demon,2017-04-04,2018-04-03 20:16:36.167068
5730824,One Last Prayer,2017-04-22,2018-04-03 20:16:37.346361,EYE-80 Media,mFinity Media
5746464,Micah and Noel Share an Apartment: An Origin Story,unknow,2018-04-03 20:16:38.202617,CCA Media Group
6380674,L.O.V.E: Living One Vibrational Energy,2017-04-08,2018-04-03 20:16:39.110115,Wounded Wasteland Productions
3014130,Fireworkers,2017-04-16,2018-04-03 20:16:40.223729,Neboya Collective
6765632,This Book Is Cursed,2017-04-02,2018-04-03 20:16:41.238582,More-On Productions
4351916,I'm OK,2017-04-22,2018-04-03 20:16:41.962996
4303930,Six Feet from the Edge,2017-04-14,2018-04-03 20:16:42.874004,Unbounded Ambition Films
2359352,Beautiful Garden,2017-04-05,2018-04-03 20:16:44.149081,Beautiful Garden Productions,Garage Creative Studios,Two Car Parade
3852028,Maggie Black,unknow,2018-04-03 20:16:45.276171,Assemblage of Nouns Productions,BullMoose Pictures
5755040,A Midsummer Night's Dream,unknow,2018-04-03 20:16:46.446371,Scorpio Film Releasing
6132770,The Legacy,2017-04-30,2018-04-03 20:16:47.310706,Brandywhine Productions
6848934,Tripoli Cancelled,unknow,2018-04-03 20:16:48.366349
6942032,Holding Patterns,unknow,2018-04-03 20:16:50.539326
5634110,Fantasy Man,2017-04-08,2018-04-03 20:16:51.302829,Jersey Flix
5266764,Group Therapy: OCD,2017-04-01,2018-04-03 20:16:52.133133,Land Of The Free
3768390,The Mutineer,2017-04-29,2018-04-03 20:16:53.096601
6335916,That's Life,2017-04-07,2018-04-03 20:16:53.606194,Guess Films,Lionheart Productions Limited
6878594,Thru: The Hereafter Remains Unknown,2017-04-30,2018-04-03 20:16:54.481995
6909906,Siege at Desert Pass,2017-04-24,2018-04-03 20:16:55.225141,CineFe
4426058,Sunny Side Up,unknow,2018-04-03 20:16:55.796328,Old Man Henry Productions,Vipex Productions
6714252,The Alpha Omega Man,2017-04-04,2018-04-03 20:16:57.102498,Gooey Film Productions
6737956,Mr Pickpocket,2017-04-03,2018-04-03 20:16:57.893193,Denver/Goines Productions,KUBOA Cinema,Pickpocket Films
6563582,To Be Alone,unknow,2018-04-03 20:16:58.895766,8mm Films
6764772,Distress Code 1201,2017-04-10,2018-04-03 20:17:00.065680,Almighty Dog Productions
5212542,Dark of Light,2017-04-25,2018-04-03 20:17:00.977095,TwentyFiveEight Productions
4350746,A Felon in New York,unknow,2018-04-03 20:17:02.061116,Marin Brother Productions,Rec Squad
6513708,Maurice!,2017-04-05,2018-04-03 20:17:02.861254,Bordello Productions
5297612,Cottontail,2017-04-16,2018-04-03 20:17:03.799332,Decomposing Pictures
6727978,When the Old Phone Rings,2017-04-21,2018-04-03 20:17:04.657377
2470060,House on Rodeo Gulch,2017-04-01,2018-04-03 20:17:05.506455,Scherer Entertainment
7061094,Borderline,2017-04-10,2018-04-03 20:17:06.330921
6802074,Disposable,2017-04-03,2018-04-03 20:17:06.956479
5370114,Band of Keepers,2017-04-14,2018-04-03 20:17:08.127157,California Videowork,Niebauer Films
7085706,Testing,2017-04-03,2018-04-03 20:17:08.946466,4215 Films
4346510,34 Inches,2017-04-08,2018-04-03 20:17:10.120220
7775506,Night of the Unspeakable,2017-04-04,2018-04-03 20:17:11.200627,2nd Tradewind Productions
5355868,Moment of Truth,2017-04-26,2018-04-03 20:17:12.351805,315 Films,No More Talk Productions
6784770,The Daydreamer's Notebook,2017-04-18,2018-04-03 20:17:13.314388,Michael Saul Productions
6794770,Gwendolyn,unknow,2018-04-03 20:17:14.201403,Happy Smile Films,Rosenguez Productions
5915520,Strange Bird,2017-04-23,2018-04-03 20:17:15.213999,Welling Films
6539390,Ruth: A Faithful Journey,2017-04-18,2018-04-03 20:17:15.984064,Ministry in Movies,Whats The Rush?,Potential Videos
6101284,A Sibling Mystery,2017-04-01,2018-04-03 20:17:17.061675
7168918,Perhaps a Hero,2017-04-22,2018-04-03 20:17:18.358699
4669142,A Whisper in the Dark 2,unknow,2018-04-03 20:17:19.376839
6347668,Lucha Ilimitado vs. The State of Washington,2017-04-01,2018-04-03 20:17:19.922655,Lost Colony Entertainment,Vrai Moi
5086336,Queen Anne's Lace,2017-04-01,2018-04-03 20:17:20.906033,Fervent Films
8042068,Superhero A-Go-Go,2017-04-18,2018-04-03 20:17:21.721040
3331866,Never Came Back,2017-04-20,2018-04-03 20:17:22.520891,Soldier Filmworks
7211590,Brontosaurus,2017-04-22,2018-04-03 20:17:23.170068,Reel Vagabonds
2389034,Super Mehra Bros,2017-04-04,2018-04-03 20:17:24.116062,Paperhouse Productions
7146348,Romanorum,2017-04-29,2018-04-03 20:17:25.045959,Low Plains Productions
7390114,More Than Only,unknow,2018-04-03 20:17:25.800256
6673830,Beyond the Valley of Belief,2017-04-08,2018-04-03 20:17:26.761598,Rock Bottom Video
5789280,My Son Tenzin,2017-04-23,2018-04-03 20:17:27.560148,Sekhar Films
6218234,Sleep Eaters,unknow,2018-04-03 20:17:28.659344,Cemetery Theater
4048342,The Passion of Paul Ross,2017-04-29,2018-04-03 20:17:29.676891,Third Lows Productions
5849102,The UnGodly Pastor,2017-04-15,2018-04-03 20:17:30.769458,QNP Entertainment & Film Studios
6821262,Alternative Theories of Physics,2017-04-18,2018-04-03 20:17:31.688365
6610954,The Missing Sun,2017-04-02,2018-04-03 20:17:32.623764
6800172,One Year In,2017-04-30,2018-04-03 20:17:33.613938,Fog House Films
6813260,Project Eve,2017-04-21,2018-04-03 20:17:34.373535
6646354,Sweet Love,2017-04-26,2018-04-03 20:17:35.150087,Lacuna Pictures
6738606,The Two Worlds of William March,unknow,2018-04-03 20:17:36.099394
6782106,Waves,2017-04-21,2018-04-03 20:17:36.854426
6312876,The Bailey Case: Preternatural,2017-04-27,2018-04-03 20:17:37.349965,Terminal 52 Films
5760674,1040 Not So EZ,2017-05-01,2018-04-03 20:17:38.516921,Cinemahill Productions,Huzu Productions
4549072,Dog Five,2017-04-01,2018-04-03 20:17:39.996171,A Michael Stoller Production,M 2 The C Productions
3333158,For Nicole's Sake,unknow,2018-04-03 20:17:40.818985,C Word Productions
6768872,Obezyana straus i mogila,2017-04-06,2018-04-03 20:17:41.641526
6330416,The Meeting,2017-04-14,2018-04-03 20:17:42.451797,Winkler Pictures
6754540,B-Mo & C-Mo Take On Las Vegas,2017-04-27,2018-04-03 20:17:43.428615,Hazel Vision Films
6584146,Mormon Dog Story,2017-04-26,2018-04-03 20:17:45.538705
5608182,Mission Apocalypse: Part 2,2017-04-04,2018-04-03 20:17:46.295782
6274224,The Practical Joke,2017-04-01,2018-04-03 20:17:46.765987,PEHJ Productions
3953804,Turning the Hands of Time,2017-04-24,2018-04-03 20:17:47.811972,Saltire Productions
4662704,Runaway Highway,2017-04-30,2018-04-03 20:17:48.707381,Silly Sister Pictures
6521338,The Last Waltz in August,2017-04-01,2018-04-03 20:17:49.642085,Life Traveler Films
7803790,Black Friday: Dark Dawn Zero,2017-04-06,2018-04-03 20:17:50.469163,Moto Entertainment
6330302,Chapter 5,2017-04-28,2018-04-03 20:17:51.572847,E&H; Productions,MindTwist Media
7099118,Vindicta,2017-04-30,2018-04-03 20:17:52.327303,Blue Forge Productions
6748920,A Call to the Dark,2017-04-06,2018-04-03 20:17:53.166735,Global Terror Productions
8203114,The Set Up,2017-04-12,2018-04-03 20:17:53.821764,Boozuka
5604002,"M. Pearls, A.A.L. The Movie",2017-04-26,2018-04-03 20:17:54.539583
6724938,Norman Jones,2017-04-23,2018-04-03 20:17:55.263347
5868226,Stix,2017-04-10,2018-04-03 20:17:55.921309,VSJ Productions
6502334,Doub 6,2017-04-08,2018-04-03 20:17:56.851323,Maximal Entertainment,Kreyolism Pictures
5336630,Underneath,2017-04-04,2018-04-03 20:17:57.390996,Lightspan Entertainment
6732058,Comic Wars: Kaomic,2017-04-02,2018-04-03 20:17:58.167943
5864144,Ambush at Peck Canyon,2017-04-15,2018-04-03 20:17:58.873274,Laughing Wolf Productions
6958814,Ode of a Sabine Diva,2017-04-04,2018-04-03 20:17:59.652210
7044994,Self-Possessed,unknow,2018-04-03 20:18:00.459416
7758598,Ana Mendieta 'Poetry in Motion',2017-04-14,2018-04-03 20:18:01.118643,"Estate of Ana Mendieta, The"
7949388,Proxy,unknow,2018-04-03 20:18:01.873931
6375168,Played,2017-04-11,2018-04-03 20:18:02.765506
7913820,Heaven,unknow,2018-04-03 20:18:03.556245
7000194,The Flying Bullet,2017-04-04,2018-04-03 20:18:04.270383,Heroes Like Me Entertainment
6684814,My Long Strange Trip in North Korea,2017-04-12,2018-04-03 20:18:05.022025
7369640,Stay Tuned,unknow,2018-04-03 20:18:05.842635
7007222,Dulcy and Red,2017-04-20,2018-04-03 20:18:06.688013,Scissor Rock and Key Studios
6842402,Little Investigators,2017-04-02,2018-04-03 20:18:07.516419,"Dreamality Corp, The"
5603524,Cloud Gamez: The Road to the Chronathalon,2017-04-20,2018-04-03 20:18:08.351929,Real.Amaru Comedy Productions
7074998,MyRadar Virtual Reality Experience,unknow,2018-04-03 20:18:09.081465
6748368,287G Black Latina,2017-04-25,2018-04-03 20:18:09.829840,BossDiVaz ProductionZ
7152986,Math Lab,2017-04-06,2018-04-03 20:18:10.670702,Brickful
8210622,Beverly Hills Film Festival 17,2017-04-30,2018-04-03 20:18:11.456865,921 Midia
