4630562,The Fate of the Furious,2017-04-14,2018-03-28 18:04:01.878946,Universal Pictures,China Film Co.,Original Film,One Race Films,Dentsu,Fuji Eight Company Ltd.
4481414,Gifted,2017-04-12,2018-03-28 18:04:02.656146,Dayday Films,FilmNation Entertainment,Fox Searchlight Pictures,Grade A Entertainment
4287320,The Circle,2017-04-28,2018-03-28 18:04:03.440388,1978 Films,Imagenation Abu Dhabi FZ,Likely Story,Parkes+MacDonald Image Nation,Playtone,Route One Entertainment
2568862,Going in Style,2017-04-07,2018-03-28 18:04:04.825090,De Line Pictures,Metro-Goldwyn-Mayer (MGM),New Line Cinema,RatPac Entertainment,Village Roadshow Pictures,Warner Bros.
4581576,Aftermath,2017-04-07,2018-03-28 18:04:10.984917,Emmett/Furla/Oasis Films (EFO Films),Hat and Cat Productions,Ingenious Media,Oak Productions,Pacific View Management,Protozoa Pictures,Union Editorial,thefyzz
3462710,Unforgettable,2017-04-21,2018-03-28 18:04:11.686363,DiNovi Pictures
2582576,Sand Castle,2017-04-21,2018-03-28 18:04:12.410998,The Mark Gordon Company,Treehouse Pictures,International Traders
5318534,People You May Know,2017-04-07,2018-03-28 18:04:13.290728,Red Ladders Entertainment,Once Upon a Time Productions,YayBig Productions
5893332,Sandy Wexler,2017-04-14,2018-03-28 18:04:15.364457,Happy Madison Productions,Netflix
3469798,Órbita 9,2017-04-07,2018-03-28 18:04:16.482879,Cactus Flower,Dynamo,Mono Films,Telefonica Studios
6113488,The Case for Christ,2017-04-07,2018-03-28 18:04:17.157286,Triple Horse Studios,Pure Flix Entertainment
5435476,Tilt,2017-04-22,2018-03-28 18:04:18.455062,Ball & Chain Productions,ReKon Productions
4795124,How to Be a Latin Lover,2017-04-28,2018-03-28 18:04:19.142576,Pantelion Films,3Pas Studios
1544608,Voice from the Stone,2017-04-28,2018-03-28 18:04:20.390165,Zanuck Independent,Code 39 Films,Producer Capital Fund
2184233,1 Mile to You,2017-04-07,2018-03-28 18:04:23.959210,Cinema Revival,Culmination Productions,Ingenious Media,LATS Productions,WeatherVane Productions
6574272,Phoenix Forgotten,2017-04-21,2018-03-28 18:04:25.299909,Cinelou Films,Scott Free Productions
3343868,The Veil,2017-04-15,2018-03-28 18:04:25.977531,BRG Films,Native Warrior,Toy Gun Films
4849438,Baahubali 2: The Conclusion,2017-04-28,2018-03-28 18:04:26.937049,Arka Mediaworks
5910344,The House of Tomorrow,2017-04-08,2018-03-28 18:04:27.944669,Superlative Films,Water's End Productions
3693042,Grey Lady,2017-04-28,2018-03-28 18:04:30.470020,Beacon Pictures,Broadvision Entertainment,Moody Independent,Pataphysical Productions
6735670,King Arthur and the Knights of the Round Table,2017-04-24,2018-03-28 18:04:32.063665,Benetone Films,"Global Asylum, The"
5628792,Aurore,2017-04-26,2018-03-28 18:04:34.149886,Karé Productions,France 3 Cinéma,Région Nouvelle-Aquitaine,Département de la Charente-Maritime,Centre National de la Cinématographie (CNC),La Banque Postale Image 9,Cinéventure 2,Cofimage 28,A Plus Image 7,Canal+,France Télévisions,Orange Cinéma Séries
5351458,The Hatton Garden Job,2017-04-14,2018-03-28 18:04:39.372927,Fiction Films
3731580,We Don't Belong Here,2017-04-04,2018-03-28 18:04:40.294741,Bright Space
6336270,The Girl from the Song,2017-04-24,2018-03-28 18:04:40.888630,ESCAC Films,Mayo Films,Flat Cap Films
5758802,"Literally, Right Before Aaron",2017-04-22,2018-03-28 18:04:41.467233,Indy Entertainment,Rizk Pictures,Unison Films
2850480,The Girl Who Invented Kissing,2017-04-29,2018-03-28 18:04:44.113056,308 Ent,An Olive Branch Productions,Familiar Spirit
4843344,Speech & Debate,2017-04-07,2018-03-28 18:04:45.872593,Sycamore Pictures
3829378,Stephanie,2017-04-27,2018-03-28 18:04:46.521464,Blumhouse Productions,Chapter One Films,Gotham Group,Unbroken Pictures
5219972,Class Rank,2017-04-21,2018-03-28 18:04:48.122968,SSS Entertainment,LB Entertainment
6771444,Peppa Pig: My First Cinema Experience,2017-04-07,2018-03-28 18:04:48.721242
4902260,The Eyes,2017-04-07,2018-03-28 18:04:49.935769,Good To Be Seen Films
5817022,One Percent More Humid,2017-04-21,2018-03-28 18:04:52.469343,La Pistola,Red Entertainment
6055082,My Pet Dinosaur,2017-04-22,2018-03-28 18:04:53.220843
6673840,Spacewalk,2017-04-06,2018-03-28 18:04:58.469735,Bazelevs Production
7046112,Deathgrip,2017-04-03,2018-03-28 18:04:59.319505
4274656,Grow House,2017-04-20,2018-03-28 18:05:00.859119,Grow House Film
6624312,Rodney King,2017-04-28,2018-03-28 18:05:01.753028,40 Acres & A Mule Filmworks,Buffalo 8 Productions
5932766,Amazon Adventure,2017-04-18,2018-03-28 18:05:05.233359,Aventuras Produções e Edições Educativas Ltda.,SK Films
6752320,High Heel Homicide,2017-04-21,2018-03-28 18:05:06.139201,Retromedia Entertainment
1572169,South Dakota,2017-04-28,2018-03-28 18:05:07.284630,Lionheart Movies
5175636,Abe & Phil's Last Poker Game,2017-04-24,2018-03-28 18:05:12.253748,Long Road Film
5669410,Tombstone-Rashomon,2017-04-08,2018-03-28 18:05:14.744001,Tombstone Limited
5804948,À bras ouverts,2017-04-05,2018-03-28 18:05:15.518025,Camera One,Ouille Productions,Pulsar Productions,SND Films,Nexus Factory,Umedia,M6 Films,Canal+,Ciné+,W9,uFund,La Wallonie,Le Tax Shelter du Gouvernement Fédéral de Belgique,Investisseurs Tax Shelter
5765192,Tenderness,2017-04-24,2018-03-28 18:05:16.563181,Pepito Produzioni,Rai Cinema,Comune di Napoli,Campania Film Commission,Ministero per i Beni e le Attività Culturali (MiBAC),Focchi S.p.A.,Unipol Banca
6335734,Yoru wa mijikashi aruke yo otome,2017-04-07,2018-03-28 18:05:17.445902,Science Saru,Fuji Television Network,Toho,Science Saru,Kadokawa,BS Fuji
5194504,Du forsvinder,2017-04-20,2018-03-28 18:05:18.484694,Zentropa Entertainments,Den Vestdanske Filmpulje,Det Danske Filminstitut,Film i Väst,MEDIA Programme of the European Union,Nordisk Film,Nordisk Film- & TV-Fond,Svenska Filminstitutet (SFI),TV2 Danmark,TV4 Sweden,Zentropa International Sweden
4134826,But Deliver Us from Evil,2017-04-27,2018-03-28 18:05:20.511195,20/20 Visions Entertainment Group,Backseat Conceptions,Casal Media,Get-Kinetic,Maximum Group,Two Twelve Degrees
3696610,Stuck,2017-04-23,2018-03-28 18:05:21.900552,MJW Films,Little Angel Productions
5543746,Maatr,2017-04-21,2018-03-28 18:05:23.479241,CDB MUsical,Pugmark Films
4729790,Carter & June,2017-04-28,2018-03-28 18:05:24.076120,Sacred Bull Media
4932388,Let Yourself Go,2017-04-13,2018-03-28 18:05:25.020246,Cattleya,Rai Cinema
4682922,The Space Between,2017-04-21,2018-03-28 18:05:26.230701
5775220,Noor,2017-04-21,2018-03-28 18:05:27.622662,Abundantia Entertainment,T-Series
6580394,The Fast and the Fierce,2017-04-01,2018-03-28 18:05:29.559235,"Asylum, The"
5785116,Begum Jaan,2017-04-14,2018-03-28 18:05:30.423205,PLAY Entertainment,PLAY Entertainment,SVF Entertainment,Vishesh Films
6736812,The Green Fog,2017-04-16,2018-03-28 18:05:31.280067,Extra Large Productions
4789618,Finding Her,2017-04,2018-03-28 18:05:33.079599,Road Light Pictures,Smart Film,Studio 3
5028598,The 60 Yard Line,2017-04-02,2018-03-28 18:05:34.136878,"60 Yard Line, The",ChurcHiE Prods
4997036,Beyond the River,2017-04-27,2018-03-28 18:05:36.187842
4866768,Out of the Shadows,2017-04-29,2018-03-28 18:05:37.272951,Bronte Pictures,Head Gear Films,Kreo Films FZ,Maddfilms,Metrol Technology
3482000,A Thousand Junkies,2017-04-22,2018-03-28 18:05:39.620247,THI Productions,Whitewater Films
6462084,Evil Bong 666,2017-04-20,2018-03-28 18:05:41.854117,Full Moon Entertainment,Full Moon Features
6589292,Mustang Island,2017-04-01,2018-03-28 18:05:42.716511,Pepper Island Films
4717644,Kirik Kalpler Bankasi,2017-04-13,2018-03-28 18:05:43.366682,Ay Yapim
3722356,The Wicked One,2017-04-23,2018-03-28 18:05:44.484572,Jonestown Films,Studio 605
5462906,Abundant Acreage Available,2017-04-20,2018-03-28 18:05:45.146808,Abundant Productions
5753552,Moglie e marito,2017-04-12,2018-03-28 18:05:46.316721,Carnet,Errelle Invest,Groenlandia,Lazio-Fondo Regionale per il Cinema e l'Audiovisivo,Picomedia,QMI Interactive,RN One,Warner Bros.
4835676,Monk,2017-04-06,2018-03-28 18:05:48.684213,A Private View,Viking Film
5637736,Wraith,2017-04-05,2018-03-28 18:05:49.985421
4274788,The Sex Addict,2017-04-18,2018-03-28 18:05:51.198972,Burning Bridge Pictures
6679170,Marti,2017-04-09,2018-03-28 18:05:51.917137,Mint Prodüksiyon,MinT Motion Pictures
6150238,Special Citizen,2017-04-28,2018-03-28 18:05:52.720499,Palette Pictures
6227846,Neko atsume no ie,2017-04-08,2018-03-28 18:05:54.681203,Mediand
6410534,The Portal,2017-04-25,2018-03-28 18:05:55.421215,Ruthless Studios
4424722,7 Witches,2017-04-14,2018-03-28 18:05:58.978228,GMMG Films
5996682,Los Padecientes,2017-04-27,2018-03-28 18:06:00.116185,Fox International Productions (FIP),JEMPSA
6725484,Can't Help Falling in Love,2017-04-15,2018-03-28 18:06:02.282835,Star Cinema Productions
4280540,Western World,2017-04-11,2018-03-28 18:06:04.145155,Garnet Films
5242684,Tantsy nasmert,2017-04-06,2018-03-28 18:06:05.387008
3063364,Never Leave Alive,2017-04-25,2018-03-28 18:06:06.455043,"Most Dangerous Game, The"
6845728,National Theatre Live: Rosencrantz & Guildenstern Are Dead,2017-04-20,2018-03-28 18:06:07.614661
6857276,Ao jiao yu pian jian,2017-04-16,2018-03-28 18:06:08.871158
3663718,August Falls,2017-04-17,2018-03-28 18:06:09.942845,BelleHammer,Umbrage Entertainment
5789944,Surprise Me!,2017-04-27,2018-03-28 18:06:10.766285
5923752,Pool Party Massacre,2017-04-20,2018-03-28 18:06:13.028784
5600678,Vind die domme trut en gooi haar in de rivier,2017-04-12,2018-03-28 18:06:15.003557,Submarine,NTR
6747242,8 Thottakkal,2017-04-07,2018-03-28 18:06:16.085363,Big Print Production,Vetrivel Saravana Cinemas
4698940,Hard Surfaces,2017-04,2018-03-28 18:06:18.601738,Kumonryu Creative,North of Two
6141656,Brazilok,2017-04-06,2018-03-28 18:06:21.929195,M&M; Film
5361668,Lasciami per sempre,2017-04-20,2018-03-28 18:06:24.018003,Film 9
6168002,Sakhavu,2017-04-15,2018-03-28 18:06:25.217955,Universal Cinema
6357202,Asylum of Darkness,2017-04-10,2018-03-28 18:06:26.130987,Season of Darkness LLC
6574480,Night Bus,2017-04-06,2018-03-28 18:06:27.248020
4301112,The Depths,2017-04-27,2018-03-28 18:06:28.330401,Intimation Productions,Halcyon Valor Productions
6817202,The King's Case Note,2017-04-26,2018-03-28 18:06:29.307349,A Film Company Ram
5878326,"Jesus, Bro!",2017-04-14,2018-03-28 18:06:30.786879,Walkaway Entertainment
4909602,Lyst,2017-04-21,2018-03-28 18:06:32.151608,Eske & Horn filmproduksjon
6576288,Rakshadhikari Baiju Oppu,2017-04-21,2018-03-28 18:06:33.571338,100th Monkey Movies,Eros International
5882416,Kartini,2017-04-19,2018-03-28 18:06:34.465717,Legacy Pictures,Screenplay Production
5528282,Fátima,2017-04-27,2018-03-28 18:06:35.594314,Les Films de l'Après-Midi,Midas Filmes
4942478,The Basement,2017-04-28,2018-03-28 18:06:38.202987,Intergalactic Productions,Pannonia Pictures
6590488,Holy Air,2017-04-20,2018-03-28 18:06:40.549718
6214734,One Day,2017-04-05,2018-03-28 18:06:41.695433,Invent Stone
4054382,White Night,2017-04-07,2018-03-28 18:06:42.348170,Multiname Productions,Torch Head Productions
6416676,Jailbait,2017-04-28,2018-03-28 18:06:43.615178,Chanh Phuong Phim
6895206,Sonata,2017-04-21,2018-03-28 18:06:44.585408,HK Studios
6527838,The Guys,2017-04-13,2018-03-28 18:06:45.820242,Soraya Intercine Film PT
6841500,Kukhnya. Poslednyaya bitva,2017-04-20,2018-03-28 18:06:46.518765,Forever Films
3517776,Halfway,2017-04-21,2018-03-28 18:06:47.699375,JP International Productions
5514632,3-gatsu no raion zenpen,2017-04-22,2018-03-28 18:06:48.744810,Robot Communications
5293604,Teiichi no kuni,2017-04-29,2018-03-28 18:06:49.776866,Aoi Promotion,Fuji Television Network,Shueisha,Toho Company
5956006,Love Off the Cuff,2017-04-28,2018-03-28 18:06:50.674291,China Film Media Asia Audio Video Distribution Co.,Enlight Pictures,Making Film,Media Asia Films,Sun Entertainment Culture
6723182,Sivalinga,2017-04-14,2018-03-28 18:06:52.048061
6871426,Mister,2017-04-14,2018-03-28 18:06:53.708730,ODU Movies,Sri Lakshmi Narasimha Productions
5651952,The Lears,2017-04-22,2018-03-28 18:06:54.799526,NeoClassics Films,NeoClassics Films,Raven West Films Ltd.
2886714,Maybe Someday,2017-04-01,2018-03-28 18:06:55.464287,Chain Reaction,Elocin Entertainment
6121428,Relife,2017-04-15,2018-03-28 18:06:56.580018,C&I; Entertainment,Culture Entertainment,Dentsu,Earth Star Entertainment,NHN Comico,Nippon Shuppan Hanbai (Nippan) K.K.,Parco Co. Ltd.,Shochiku Company,TMS Entertainment
5322136,Party Night,2017-04-28,2018-03-28 18:06:58.411748,Fright Meter Films
6690310,Extraordinary Mission,2017-04-07,2018-03-28 18:07:02.193586,CMC Pictures,Pop Movies
6705612,Manje Bistre,2017-04-14,2018-03-28 18:07:03.294168,Humble Motion Pictures
4823122,Bang jia zhe,2017-04-01,2018-03-28 18:07:04.046255
6188518,Georgettan's Pooram,2017-04-01,2018-03-28 18:07:06.418600,Chand V Creations,Shivanee Entertainment
5924114,Holy Terror,2017-04-01,2018-03-28 18:07:07.519629,CineRidge Entertainment
4974254,Zombies Have Fallen,2017-04-01,2018-03-28 18:07:09.898381
6679058,Mahalle,2017-04-12,2018-03-28 18:07:11.129471,Get Yapim
2920294,Cigarette Soup,2017-04-10,2018-03-28 18:07:12.904300,DLP Media
6314472,Burû Hâtsu ga kikoeru,2017-04-08,2018-03-28 18:07:14.443366,BBmedia,Daiz,Geek Sight,Shaiker,Solid Feature (SF),Totsu,Wonder Head
4431574,Hamlet,2017-04-28,2018-03-28 18:07:15.705884,Across the Border Productions,Working Theatre Club
7349012,Surau dan Silek,2017-04-27,2018-03-28 18:07:16.531781,Mahakarya Pictures
7380574,Bordo Bereliler Suriye,2017-04-07,2018-03-28 18:07:17.524461
6123206,Zer,2017-04-21,2018-03-28 18:07:18.723941,Köz Film,Newa Film
5034444,Lucky's Treasure,2017-04-04,2018-03-28 18:07:19.559566,Grace Alone Films
3884282,Strangers Within,2017-04-24,2018-03-28 18:07:20.579368,2050 Films
6958152,One,2017-04-14,2018-03-28 18:07:21.786610,SVF Entertainment Pvt. Ltd.
5174992,I Hate the Man in My Basement,2017-04-22,2018-03-28 18:07:24.195599,Green Pasture Productions,Spartafox
5636668,Ji yi da shi,2017-04-28,2018-03-28 18:07:25.513226,Golden Cicada Films,Shanghai Universaljoy Pictures,Wanda Pictures
5902484,Kaatru Veliyidai,2017-04-07,2018-03-28 18:07:26.700656,Madras Talkies
5193658,The Mason Brothers,2017-04-14,2018-03-28 18:07:28.298285,KS Pictures
6361260,Bisorjon,2017-04-14,2018-03-28 18:07:29.605700,Opera Movies
5584176,Happy Burnout,2017-04-27,2018-03-28 18:07:30.750650,Riva Filmproduktion
4685636,Urfin Dzhyus i ego derevyannye soldaty,2017-04-20,2018-03-28 18:07:31.624441,CTB Film Company,Melnitsa Animation Studio
6013182,Nour,2017-04-27,2018-03-28 18:07:33.145384
6899238,La guerra dei cafoni,2017-04-27,2018-03-28 18:07:34.216848,La Luna,Minimum Fax Media,Rai Cinema
6892950,"My Little Baby, Jaya",2017-04-20,2018-03-28 18:07:36.265074
6016672,Mirza Juuliet,2017-04-07,2018-03-28 18:07:39.698661,Shemaroo Entertainment
6673682,Big Daddy,2017-04-21,2018-03-28 18:07:40.547909,Dwibro Films
6426832,Puthan Panam,2017-04-12,2018-03-28 18:07:41.800773,3Color Cinema
6250604,Swatta,2017-04-07,2018-03-28 18:07:42.684086,Taranga Entertainment
6352592,Happy New Year Nepali Movie,2017-04-28,2018-03-28 18:07:44.052291
4060244,In God's Time,2017-04-04,2018-03-28 18:07:45.103148,Show Must On Films
5615406,Chalay Thay Sath,2017-04-21,2018-03-28 18:07:46.232867,Hot Water Bottle Films
6745804,Ajab singh ki gajab kahani,2017-04-21,2018-03-28 18:07:47.468037,Shree Triveni Films International
4567858,Kozje usi,2017-04-25,2018-03-28 18:07:50.858888,Luks Film
6614914,A tökéletes gyilkos,2017-04-27,2018-03-28 18:07:53.209830
3249124,Hitchhiker Massacre,2017-04-03,2018-03-28 18:07:55.548077,Retrofocus Pictures,Zapruter Productions
5524630,Lazarat,2017-04-26,2018-03-28 18:07:56.562341,Mercury Films
5489156,Fags in the Fast Lane,2017-04-01,2018-03-28 18:07:57.532880,Zombie Zoo Productions
3415398,JackRabbit 29,2017-04-26,2018-03-28 18:07:58.045744,Klubalturn Productions
6064378,Ankoku joshi,2017-04-01,2018-03-28 18:07:58.792626,Robot Communications
6679498,Sari sicak,2017-04-10,2018-03-28 18:07:59.963442,FNR Film,Verba Film
0137204,Joe Finds Grace,2017-04-22,2018-03-28 18:08:01.247815,Bradeway Pictures
5591278,Yerma: Barren,2017-04-06,2018-03-28 18:08:03.927364,Dark Steel Entertainment
4394034,Neil Stryker and the Tyrant of Time,2017-04-11,2018-03-28 18:08:21.952558,Lombo Bardi Productions,Taylor Twin Pictures
6953274,Dào líng sùshè wáwá laoshi,2017-04-14,2018-03-28 18:08:22.998074,Filmoon Pictures
4688518,Nine Seconds,2017-04-15,2018-03-28 18:08:23.974714,Picto Films
6467492,1971: Beyond Borders,2017-04-07,2018-03-28 18:08:24.840380,Red Rose Creations
5238824,Despair,2017-04-01,2018-03-28 18:08:25.972545,Endeavour Filmworks
5958178,Into the Who Knows!,2017-04-09,2018-03-28 18:08:26.926910
6142964,Incomplete,2017-04-08,2018-03-28 18:08:28.284553
5225382,The Startup: Accendi il tuo futuro,2017-04-06,2018-03-28 18:08:29.517454,Casanova Multimedia,Rai Cinema
6770034,Bikini Blue,2017-04-21,2018-03-28 18:08:30.746618
6721848,Kolonya Cumhuriyeti,2017-04-21,2018-03-28 18:08:31.843181,Besiktas Kültür Merkezi (BKM)
6759476,Ghampani,2017-04-14,2018-03-28 18:08:34.114302,Cinema Arts,Torch Light Productions,Aslesha Entertainment
5662662,Blind Way,2017-04-22,2018-03-28 18:08:34.902133
4886942,The Lurking Man,2017-04-18,2018-03-28 18:08:36.144911,RMR Productions
5749956,Voor Elkaar Gemaakt,2017-04-20,2018-03-28 18:08:36.866781,NL Film
3378384,Tapestry,2017-04-08,2018-03-28 18:08:37.437769,Massive Film Project,SlapShot Entertainment,Keep It Moving Productions
6799508,Gekijouban Free! Timeless Medley: Kizuna,2017-04-22,2018-03-28 18:08:38.284019,Kyoto Animation,Animation DO,Shochiku Company
2357868,Chicanery,2017-04-29,2018-03-28 18:08:40.517819,Foo Dog Productions
6822518,Yasamak Güzel Sey,2017-04-14,2018-03-28 18:08:41.502011,Mars Dagitim
6177152,Event Zero,2017-04,2018-03-28 18:08:43.119062,Deadrock Films,Rockzeline
6382744,Something Stolen,2017-04-15,2018-03-28 18:08:44.500766,RollCage Productions,RollCage Productions
2379673,Blackmail,2017-04-01,2018-03-28 18:08:45.717287,Archer Films Entertainment,Tigertail Films
2457544,Blue Mountains,2017-04-07,2018-03-28 18:08:46.645301,Krish Movies,Jeevandhara Productions
3891162,My Amish World,2017-04-26,2018-03-28 18:08:47.669822,Peace World Productions
2852500,The Bigfoot Project,2017-04-04,2018-03-28 18:08:49.573249,Fallen Films,June Street Productions,Midas Touch Media
3702698,Rosemarie,2017-04-27,2018-03-28 18:08:50.692911,AMP Filmworks
5797534,The God of Small Things,2017-04,2018-03-28 18:08:51.443397,Manhattan Film Academy,Polish National Film School,Tutak Films
7626214,Yazichniki,2017-04-27,2018-03-28 18:08:52.663722
6582774,The Fix It Boys,2017-04-03,2018-03-28 18:08:53.523609
4567320,Born Guilty,2017-04-07,2018-03-28 18:08:54.179101
4264716,Cat Skin,2017-04-21,2018-03-28 18:08:55.469818
6722870,Kadamban,2017-04-14,2018-03-28 18:08:56.991452
7497068,2557,2017-04-23,2018-03-28 18:08:57.902389,2557-Films
4388504,The Man You're Not,2017-04-28,2018-03-28 18:08:59.138732,FMW Films
3793632,Zombie Pizza,2017-04,2018-03-28 18:08:59.671718,Untamed Pictures
6206204,The Tree,2017-04-01,2018-03-28 18:09:00.674400,NEVER2LATE Productions
5870362,The First Time Club,2017-04-02,2018-03-28 18:09:01.816989,Source Productions (II)
6845890,National Theatre Live: Twelfth Night,2017-04-06,2018-03-28 18:09:03.214876
7068588,Hospital,2017-04-13,2018-03-28 18:09:04.720380,Metrowealth Pictures
6445922,Cleek,2017-04-30,2018-03-28 18:09:06.038463,Wildcat Media
6541904,C'est le coeur qui meurt en dernier,2017-04-14,2018-03-28 18:09:07.066875,Forum Films
6669548,Tales from the Lakeside: Lengemesék,2017-04-27,2018-03-28 18:09:08.568377,Cinemon Entertainment
6788720,Thailand Only,2017-04-27,2018-03-28 18:09:09.757037,Phra Nakorn Film Co. Ltd.
6806524,Zahradnictví: Rodinný prítel,2017-04,2018-03-28 18:09:10.518100,Mental Disorder 4,Ceská Televize,MD4
6850758,Tung cau,2017-04-05,2018-03-28 18:09:12.012074,China Times Corporate Advisory,Freeway Production,Times Multimedia Innovation,Times Production
6412170,Run,2017-04-01,2018-03-28 18:09:13.138353,Tiger Republic Films
6148782,King of Peking,2017-04-20,2018-03-28 18:09:14.249310,Peking Pictures,Seesaw Entertainment
6679554,Tas,2017-04-09,2018-03-28 18:09:15.371039,Perisan Film
6284544,Conni und Co 2 - Das Geheimnis des T-Rex,2017-04-20,2018-03-28 18:09:16.341520,Producers at Work
5677324,La belle occasion,2017-04-12,2018-03-28 18:09:17.323175,Sangsho
7094790,Stip & Pensil,2017-04-19,2018-03-28 18:09:18.445729,MD Pictures
6774538,Durga Sohay,2017-04-28,2018-03-28 18:09:19.697559,AVMA Media
6388844,Swamp Freak,2017-04-26,2018-03-28 18:09:20.911287,Rapid Heart Pictures
6734886,Power Paandi,2017-04-14,2018-03-28 18:09:23.386817,Wunderbar Films
6262812,La consolation,2017-04-05,2018-03-28 18:09:26.030348,Unité de Production,Pictanovo Nord-Pas-de-Calais,Région Hauts-de-France,Ciné+,Cinémage 11
6531206,Father and Son,2017-04-05,2018-03-28 18:09:27.069611
5941004,Bayou Ghost Story,2017-04-18,2018-03-28 18:09:28.469542,Together Magic Films
2973286,The Right to Live,2017-04-01,2018-03-28 18:09:29.687171,RayStar Film and Production
6365782,Me Familia,2017-04,2018-03-28 18:09:30.889546
3014130,Fireworkers,2017-04-16,2018-03-28 18:09:31.920723,Neboya Collective
6758862,Sümela'nin Sifresi 3: Cünyor Temel,2017-04-07,2018-03-28 18:09:34.238534,TAFF Pictures,Üçgen Yapimevi
5889746,Magical Mystery Tour,2017-04-14,2018-03-28 18:09:36.810443,Grupo Manupedro,Producciones Manu,Producciones Aramburu
5739438,Zeitgeist Protest,2017-04-19,2018-03-28 18:09:37.812607,VisioSfeir
5008256,Saanjh,2017-04-14,2018-03-28 18:09:39.382077,Silent Hills Studio
2976766,Beta,2017-04-13,2018-03-28 18:09:40.750779,LMTC Productions
5289170,Laali Ki Shaadi Mein Laaddoo Deewana,2017-04-07,2018-03-28 18:09:42.244241,Star Entertainment Worldwide
5692622,Meitantei Conan: Karakurenai no raburetâ,2017-04-15,2018-03-28 18:09:43.127103
7165516,So Help Us God,2017-04-13,2018-03-28 18:09:44.247638,Faith House Pictures
6864294,Sex Academy: Men,2017-04-21,2018-03-28 18:09:45.100421,Media Productions
6770758,"Daddy You, Daughter Me",2017-04-12,2018-03-28 18:09:46.083614,Kimchi movie
1995458,The Bang Bang Brokers,2017-04-11,2018-03-28 18:09:47.065965,Brooklyn Reptyle Films,Saddle Ranch Productions,Super Rad Motion Picture Group
6899304,Local Kung Fu 2,2017-04-19,2018-03-28 18:09:47.955865,Kenny DB Films
6266772,The Mountain,2017-04-30,2018-03-28 18:09:48.710944
3394674,The Liberator,2017-04-28,2018-03-28 18:09:49.448406,Improvise Films
3893390,Reevolution,2017-04,2018-03-28 18:09:50.702031
5556068,3-gatsu no raion kouhen,2017-04-22,2018-03-28 18:09:51.902947,Robot Communications
6063866,C'est beau la vie quand on y pense,2017-04-12,2018-03-28 18:09:53.117678,Les films du 24,Les films du premier,TF1 Films Production,Malec Productions,La Banque Postale Image 10,Cinéventure 2,Région Provence-Alpes-Côte d'Azur,Centre National de la Cinématographie (CNC),Canal+,Ciné+,TF1,TMC
6177350,Mantan,2017-04,2018-03-28 18:09:54.050159,Renee Pictures
5058156,And Violet,2017-04-27,2018-03-28 18:09:54.983808,Good Well Films
5918632,Butcher the Bakers,2017-04-28,2018-03-28 18:09:56.529578,Hometown Hero Productions
5022560,Goodland,2017-04-08,2018-03-28 18:09:59.780926,Rockhaven Films
7530068,Relativity,2017-04-28,2018-03-28 18:10:00.842833,EU Films
4916788,Bloodhound Law,2017-04-29,2018-03-28 18:10:01.936712,SlateGate Cinema,SlateGate Cinema,Snakebyte Productions and Entertainment Group,Caravan West Productions
5191758,Sensitive Parts,2017-04-18,2018-03-28 18:10:03.093687
6748042,Raffaello: Il Principe delle Arti - in 3D,2017-04-03,2018-03-28 18:10:04.555308,Magnitudo,Nexo Digital
7217298,Reinos,2017-04-21,2018-03-28 18:10:05.368470,CangrejoFilms,Niebla Producciones
5912730,Yeni baslayanlar için hayatta kalma sanati,2017-04-12,2018-03-28 18:10:06.386177
6839248,A Nail Clipper Romance,2017-04-29,2018-03-28 18:10:07.265516,Bravos Pictures
6397174,Last Laugh,2017-04-30,2018-03-28 18:10:08.316359,Visualize Films
1754316,Art of Deception,2017-04-01,2018-03-28 18:10:09.372753,Ox Films
6811024,Droomdag,2017-04-24,2018-03-28 18:10:10.178032,Westel Films
5195828,Dry Blood,2017-04-23,2018-03-28 18:10:11.379309,Business Lunch Productions
5601582,Ovunque tu sarai,2017-04-06,2018-03-28 18:10:12.594149,Camaleo
4135342,STAR [Space Traveling Alien Reject],2017-04-28,2018-03-28 18:10:13.997910,DefTone Pictures Studios
6868352,MASTI NAHI SASTI,2017-04-28,2018-03-28 18:10:15.216651,AA Creations and Production
2292168,The Street Where We Live,2017-04-21,2018-03-28 18:10:16.673099,Arbor Ave. Films,Never The Luck Productions,Route 7 Films
4310202,La ragazza dei miei sogni,2017-04-27,2018-03-28 18:10:17.795595,Draka Production
4602074,001 Trolling,2017-04-06,2018-03-28 18:10:18.973004,Collage Fossil
6626040,Black Magic for White Boys,2017-04-23,2018-03-28 18:10:22.260380
5957120,Hotel de grote L,2017-04-19,2018-03-28 18:10:23.417044,Kaap Holland Film,FATT Productions,Ma.Ja.De Filmproduktion,Vrijzinnig Protestantse Radio Omroep (VPRO)
4351916,I'm OK,2017-04-22,2018-03-28 18:10:24.675823
6788930,La vendedora de fósforos,2017-04-21,2018-03-28 18:10:25.885039
5816044,Spunti na vode,2017-04-13,2018-03-28 18:10:26.839632,Fresh Lobster,Fénix Film
6006538,Jacinta,2017-04-13,2018-03-28 18:10:28.253393,Coral Europa
7782398,Zafafian,2017-04-13,2018-03-28 18:10:28.768264
5693190,Die Rebellie van Lafras Verwey,2017-04-07,2018-03-28 18:10:29.752395,Sonneblom Films,Moonlighting Films
6896638,Chitose no itohime,2017-04,2018-03-28 18:10:30.326422
5954042,MMA Love Never Dies,2017-04-06,2018-03-28 18:10:31.473974,Pick 2016
6780894,Kud Krachak Krien,2017-04-06,2018-03-28 18:10:32.463137
6829370,Musical Kuroshitsuji: Noah's Ark Circus,2017-04-26,2018-03-28 18:10:33.353061,Aniplex
6416358,Raaga,2017-04-21,2018-03-28 18:10:34.322154,Mithra Entertainers Cine Creations
6975762,Nobili bugie,2017-04-28,2018-03-28 18:10:35.875270,Genoma Films
4851270,Black Holler,2017-04-24,2018-03-28 18:10:37.311590,Black Holler,Grand Prize Studios,Heidi the 13th Productions,Pudding Cloud Productions,"Rest of the Show Design, The"
3418854,Burning Dog,2017-04-15,2018-03-28 18:10:38.396985,Bandwagon Media,Burning Dog
5313994,Domestic Seduction,2017-04-30,2018-03-28 18:10:39.284361,AboutFace Media
7446528,Bandhanaya,2017-04-07,2018-03-28 18:10:40.546229,Dil Films International
6848180,RSC Live: Julius Caesar,2017-04-26,2018-03-28 18:10:42.779034,Royal Shakespeare Company
6639876,Founding Father,2017-04-05,2018-03-28 18:10:43.848720,Anaik Productions
6825358,Gray Zone,2017-04-21,2018-03-28 18:10:44.612756,All In Entertainment
3567168,A Twisted Tale,2017-04-06,2018-03-28 18:10:46.007462,LightSwitch Films
5198764,Tenn,2017-04-08,2018-03-28 18:10:49.173048,Elysium Bandini Studios
6500726,The Curse,2017-04-27,2018-03-28 18:10:50.111051,Triple A Films
6818526,Phantasmagoria,2017-04-21,2018-03-28 18:10:51.776974,Phantasma Disques
8016380,Bheja Fry 3,2017-04-21,2018-03-28 18:10:53.019499,Reliance MediaWorks
5849102,The UnGodly Pastor,2017-04-15,2018-03-28 18:10:54.086092,QNP Entertainment & Film Studios
4144726,Tears in the Dust,2017-04-28,2018-03-28 18:10:55.106893,Steve Call Productions
6792666,Gemini,2017-04-21,2018-03-28 18:10:56.190275,Richies Cinema
3863922,Consciousness,2017-04-15,2018-03-28 18:10:57.247794,Fabo Films
6581528,Sathya,2017-04-20,2018-03-28 18:10:58.634598,Shehnas Movie Creations
2900098,Carlos Gustavo,2017-04-28,2018-03-28 18:10:59.703520,Forja Entertainment
5858628,Mothers,2017-04-13,2018-03-28 18:11:00.634509,Condor Pictures
6632338,The Other One,2017-04-02,2018-03-28 18:11:01.564481
6849826,¿En dónde están los ladrones?,2017-04-27,2018-03-28 18:11:02.520523
6816502,Don Marleone,2017-04-19,2018-03-28 18:11:03.544528,Black Garden Company
6267926,Blinding Souls,2017-04-01,2018-03-28 18:11:04.458458,Entertaining Power
6327886,Exorcism of the 7th Demon,2017-04-04,2018-03-28 18:11:05.908276
6226880,TORMENT,2017-04-01,2018-03-28 18:11:06.877856,Enchanted Architect
6984802,Nagarvalam,2017-04-21,2018-03-28 18:11:07.903490,Redcarpet Production
5047090,Black Cat,2017-04-27,2018-03-28 18:11:09.213544,Wesley Curtis Productions
5649480,"Gostosas, Lindas e Sexies",2017-04-20,2018-03-28 18:11:10.519581,Paramount Pictures
5746464,Micah and Noel Share an Apartment: An Origin Story,2017-04,2018-03-28 18:11:11.497789,CCA Media Group
6186594,The Evil Rises,2017-04,2018-03-28 18:11:12.766251
7100882,A Story of Love,2017-04,2018-03-28 18:11:13.528364
5154846,Europa,2017-04-29,2018-03-28 18:11:16.369008,Zapruder Films
6183334,Inside: A Chinese Horror Story,2017-04-07,2018-03-28 18:11:18.393469,Kun Ni Culture Media (Beijing)
6546086,Dhatteriki,2017-04-14,2018-03-28 18:11:19.634821,Jaaz Multimedia,Eskay Movies
6786150,Labuan Hati,2017-04-06,2018-03-28 18:11:20.454695,Lola Amaria Production
6777260,La parrucchiera,2017-04-06,2018-03-28 18:11:21.599301,Skydancers
6318484,Cometh the Hour by Azeem Banatwalla,2017-04,2018-03-28 18:11:23.079868,OML Entertainment,OML Entertainment
3804448,House of Afflictions,2017-04-06,2018-03-28 18:11:23.937164,Mr Stitch Films
6355484,Le verità,2017-04-27,2018-03-28 18:11:25.060196
6754192,Death-Scort Service Part 2: The Naked Dead,2017-04-07,2018-03-28 18:11:26.417337,Gatorblade Films
6737956,Mr Pickpocket,2017-04-03,2018-03-28 18:11:27.309711,Denver/Goines Productions,KUBOA Cinema,Pickpocket Films
6493472,Bütün Saadetler Mümkündür,2017-04-10,2018-03-28 18:11:27.996096
4670568,Je suis resté dans les bois,2017-04-26,2018-03-28 18:11:29.225366,Centre du Cinéma et de l'Audiovisuel de la Fédération Wallonie-Bruxelles,Eklektik Productions
5289998,Nefarious,2017-04-21,2018-03-28 18:11:30.408237,Silent Envy Productions
6871292,Won-seu-teb,2017-04-06,2018-03-28 18:11:31.697724
5638178,Gridlock,2017-04-26,2018-03-28 18:11:33.224781,Violet State Productions
5660886,Karanukan,2017-04-23,2018-03-28 18:11:34.298724,Yoshimoto Entertainment
6679468,Murtaza,2017-04-13,2018-03-28 18:11:35.394753,Yeni Sinemacilik
7909946,Black Money,2017-04-21,2018-03-28 18:11:36.785016
6768460,The Garden,2017-04-30,2018-03-28 18:11:39.101657,Project Violet Productions
4135648,Kluven Dröm,2017-04,2018-03-28 18:11:40.659887,DNZ pictures
7692082,Celebrity Showmance,2017-04-10,2018-03-28 18:11:41.456561
7370656,Nae chinguui nampyeon,2017-04,2018-03-28 18:11:42.326906,Naked Pictures
4420962,The Gift,2017-04-12,2018-03-28 18:11:44.273597,OC Productions
6392102,Cuky Luky film,2017-04-20,2018-03-28 18:11:45.487607
7915658,Ac kapiyi cok fenayim,2017-04-23,2018-03-28 18:11:47.955336,YEF Media & Entertainment
5638250,Lazybones,2017-04-27,2018-03-28 18:11:51.886359,Blazing Arrow Media
4871342,Back for Good,2017-04-01,2018-03-28 18:11:53.118435,DragonWake Films
6795898,No Two Snowflakes,2017-04-27,2018-03-28 18:11:54.065781
6985020,Zui wan mei de nu hai,2017-04-28,2018-03-28 18:11:56.202527
6857272,The Kitchen,2017-04-23,2018-03-28 18:11:57.371212
7484128,Damru,2017-04-06,2018-03-28 18:11:59.143897,Baba Motion Pictures pvt ltd
6132770,The Legacy,2017-04-30,2018-03-28 18:12:00.311063,Brandywhine Productions
5984662,Tormenting the Hen,2017-04-28,2018-03-28 18:12:01.696434,Brokenhorse Productions,Factory 25 Productions
6744160,And the Boys Go,2017-04-05,2018-03-28 18:12:02.590987
6857280,You Wan Mei Wan,2017-04-02,2018-03-28 18:12:03.700008,Beijing Skywheel Entertainment Co.,Tencent Penguin Pictures,Whale Image
5957180,Star Wars: The Dark Reckoning,2017-04-23,2018-03-28 18:12:05.949886,Target Productions
6909906,Siege at Desert Pass,2017-04-24,2018-03-28 18:12:06.842263,CineFe
6535222,45... Good Wine,2017-04-18,2018-03-28 18:12:07.935120,Conform,Databenc,Prism
6209808,Padideh,2017-04-07,2018-03-28 18:12:09.335410
6518782,Mavi sessizlik,2017-04-14,2018-03-28 18:12:10.378667,Minds Meet
5643644,Six Rounds,2017-04-21,2018-03-28 18:12:11.507302,HKZ Productions,TMP
3822076,Hanging in There,2017-04-10,2018-03-28 18:12:12.569191,Great Scott Films
4845078,Shen mi jia zu,2017-04-21,2018-03-28 18:12:13.970552,Fu Jian Heng ye Film Distribution CO.
6721704,Sexual Labyrinth,2017-04-26,2018-03-28 18:12:14.964171,Aborsky Produktion
6855936,Bigsby,2017-04-27,2018-03-28 18:12:15.950293,Tar City Productions
5971892,Unwavering,2017-04-22,2018-03-28 18:12:17.235343,Menning Photographic Films
6889806,RiffTrax Live: Samurai Cop,2017-04,2018-03-28 18:12:18.321733
5673422,Frazier Park Recut,2017-04-28,2018-03-28 18:12:19.384239,Nano Pictures,8750 Films
6857124,Masa ile Koca Ayi,2017-04-21,2018-03-28 18:12:20.265324
6806774,"Sexo, Zombies Y Bret Michaels",2017-04-01,2018-03-28 18:12:21.449313
6772360,Haijiao Youge Wudian Shi,2017-04-07,2018-03-28 18:12:22.217293,Haishi (Fujian) Film
6873702,Azad,2017-04-21,2018-03-28 18:12:23.350812,Azad Productions
6568352,La morsure des dieux,2017-04-26,2018-03-28 18:12:24.675073,Hésiode Productions
6851664,Romeo N Bullet,2017-04-14,2018-03-28 18:12:25.790583,Jay Shree Ram Creations
7139110,Switch,2017-04-03,2018-03-28 18:12:26.731586,Funky Chevron Productions,Flat 14 Productions
6695734,Love Love Love,2017-04-14,2018-03-28 18:12:27.634530
5397464,Hoy partido a las 3,2017-04-21,2018-03-28 18:12:28.715018,Yagua Pirú cine
6693070,Empeliculados,2017-04-20,2018-03-28 18:12:29.611921,Del Viento Films,Proyección Films
6387472,Chakravarthy,2017-04-14,2018-03-28 18:12:30.894369,Thoogudeepa Productions
5789280,My Son Tenzin,2017-04-23,2018-03-28 18:12:31.708534,Sekhar Films
5542734,Sangharsh Yatra,2017-04-14,2018-03-28 18:12:33.573614
6774334,Silky Waves of Friend's Sea,2017-04-20,2018-03-28 18:12:36.429848,I-Noor Film
5104968,Love's Labour's Lost,2017-04-28,2018-03-28 18:12:37.741145,Melbar Entertainment Group
5925370,Blood Moon River,2017-04-22,2018-03-28 18:12:38.581392,Drop Dead Entertainment,HM&M; Films,Quattro Venti Scott Productions,Rad Entertainment
6767134,Paris est une fête - Un film en 18 vagues,2017-04-12,2018-03-28 18:12:40.395745,Noir Production
6843958,Iung U Slaek,2017-04-28,2018-03-28 18:12:41.249593,Anthill Productions
5297612,Cottontail,2017-04-16,2018-03-28 18:12:42.390631,Decomposing Pictures
5634110,Fantasy Man,2017-04-08,2018-03-28 18:12:43.112551,Jersey Flix
5544914,I'll Keep You Safe,2017-04-30,2018-03-28 18:12:44.073181
7097586,Yana+Yanko,2017-04-13,2018-03-28 18:12:45.402726
5730824,One Last Prayer,2017-04-22,2018-03-28 18:12:46.474614,EYE-80 Media,mFinity Media
6426184,William Shakespeare's a Midsummer Night's Dream,2017-04-07,2018-03-28 18:12:47.917586,IX Productions
4264064,Gråtass redder gården,2017-04-07,2018-03-28 18:12:50.004319,Cinenord Kidstory,Ripple World Pictures
6213802,Take Off,2017-04-26,2018-03-28 18:12:52.201561
6765632,This Book Is Cursed,2017-04-02,2018-03-28 18:12:53.610675,More-On Productions
7085706,Testing,2017-04-03,2018-03-28 18:12:54.416863,4215 Films
7775506,Night of the Unspeakable,2017-04-04,2018-03-28 18:12:55.424041,2nd Tradewind Productions
5212542,Dark of Light,2017-04-25,2018-03-28 18:12:56.410948,TwentyFiveEight Productions
6984780,Ilai,2017-04-21,2018-03-28 18:12:57.830456,Action Reaction Productions
4669142,A Whisper in the Dark 2,2017-04,2018-03-28 18:12:59.195345
4818482,Las Mujeres Deciden,2017-04-06,2018-03-28 18:13:00.034589
6764772,Distress Code 1201,2017-04-10,2018-03-28 18:13:01.211270,Almighty Dog Productions
7225360,Lanet: Ervah Cinleri,2017-04-28,2018-03-28 18:13:02.237375,Sineva
6711650,Spre cer,2017-04-08,2018-03-28 18:13:03.281150
6789172,Mezeci Ciragi,2017-04-14,2018-03-28 18:13:04.471628
4303930,Six Feet from the Edge,2017-04-14,2018-03-28 18:13:05.508437,Unbounded Ambition Films
2610732,Lotanna,2017-04-08,2018-03-28 18:13:06.516116,ICS Entertainment,Ifan Ifeanyi Michael Productions
6347668,Lucha Ilimitado vs. The State of Washington,2017-04-01,2018-03-28 18:13:28.819741,Lost Colony Entertainment,Vrai Moi
6347880,The Haunter of the Dark 2,2017-04-05,2018-03-28 18:13:30.246537
6312876,The Bailey Case: Preternatural,2017-04-27,2018-03-28 18:13:31.084276,Terminal 52 Films
6878594,Thru: The Hereafter Remains Unknown,2017-04-30,2018-03-28 18:13:32.062559
7762850,"Nublado, cubierto y lluvia",2017-04-20,2018-03-28 18:13:33.142953,Acción Sur
6101284,A Sibling Mystery,2017-04-01,2018-03-28 18:13:35.673550
6964382,Union of the north,2017-04,2018-03-28 18:13:36.790088
6848934,Tripoli Cancelled,2017-04,2018-03-28 18:13:38.022425
6150050,Happy Bus Day,2017-04-21,2018-03-28 18:13:39.219682
6987322,A Living Being,2017-04,2018-03-28 18:13:40.059413
2359352,Beautiful Garden,2017-04-05,2018-03-28 18:13:41.137977,Beautiful Garden Productions,Garage Creative Studios,Two Car Parade
6800926,À discrétion,2017-04-06,2018-03-28 18:13:41.999759,Huckleberry Films,La Petite Prod
7871358,Hozu,2017-04-13,2018-03-28 18:13:43.543937
7320332,Rahenge Sadaa Gardish Mein Taare,2017-04-25,2018-03-28 18:13:44.723832,Chhoti Production
7031474,The Mother the Son and the Grandmother,2017-04,2018-03-28 18:13:45.577813
6218234,Sleep Eaters,2017-04,2018-03-28 18:13:47.738099,Cemetery Theater
7324726,All About Love,2017-04-21,2018-03-28 18:13:48.944305,Diamond Groove pictures
6942252,El espanto,2017-04-24,2018-03-28 18:13:50.053331
5266764,Group Therapy: OCD,2017-04-01,2018-03-28 18:13:50.922139,Land Of The Free
4856508,John Lives Again,2017-04-01,2018-03-28 18:13:51.882193
7478284,Pok-ryuk-eui Ssi-at,2017-04-28,2018-03-28 18:13:52.919465,Tiger Cinema
6555348,Hamlet,2017-04-23,2018-03-28 18:13:54.066043
3757774,Turkish Delight,2017-04-01,2018-03-28 18:13:54.796566,BV Films,Eks Yapim,Iyi Seyirler Film
7168918,Perhaps a Hero,2017-04-22,2018-03-28 18:13:56.947772
6777422,Hugues,2017-04-05,2018-03-28 18:13:58.005099,Barberousse Films
6984772,Senjittale En Kadhala,2017-04-07,2018-03-28 18:13:59.174304,SB Entertainment
7386674,Love Lagan Ne Locha,2017-04-14,2018-03-28 18:13:59.971424
6864870,200 Miles,2017-04-26,2018-03-28 18:14:00.735281,Tribeca Digital Studios,Resonant Pictures
6942032,Holding Patterns,2017-04,2018-03-28 18:14:01.768213
7082922,Una aventura simple,2017-04,2018-03-28 18:14:02.670116
6756332,The Things We Do When We're Alone,2017-04-23,2018-03-28 18:14:03.195550,Dinosaur Hawk Films
7218856,Holy Terrors,2017-04-30,2018-03-28 18:14:04.222448,Obsolete
6189720,The Fixer,2017-04-01,2018-03-28 18:14:05.160183,Bank Shot Productions
6789058,Cínicos,2017-04-24,2018-03-28 18:14:06.236957
6092924,Interstelar 3: Zero X,2017-04-28,2018-03-28 18:14:07.330499
2470060,House on Rodeo Gulch,2017-04-01,2018-03-28 18:14:08.287109,Scherer Entertainment
5611636,Soul Copyright,2017-04-19,2018-03-28 18:14:09.603386,DV Release BVBA
6635042,Warau manekineko,2017-04-29,2018-03-28 18:14:10.672305,Dub
6454764,Desecration,2017-04-21,2018-03-28 18:14:11.438699,HekCentrik Films,Kherut Films
6241950,What Waits in the Red,2017-04-28,2018-03-28 18:14:12.318563,Tycho Pictures
6738606,The Two Worlds of William March,2017-04,2018-03-28 18:14:13.166819
7390114,More Than Only,2017-04,2018-03-28 18:14:13.833134
5086336,Queen Anne's Lace,2017-04-01,2018-03-28 18:14:14.625741,Fervent Films
5962986,"Ah, ljubov moja",2017-04-27,2018-03-28 18:14:15.584446,Award Film & Video,KT Film & Media,Quasar Film
4909364,Broken,2017-04,2018-03-28 18:14:16.519965,Once Upon a Time Pictures,BlackRussian Productions
6513708,Maurice!,2017-04-05,2018-03-28 18:14:17.358718,Bordello Productions
6768872,Obezyana straus i mogila,2017-04-06,2018-03-28 18:14:18.089676
5355868,Moment of Truth,2017-04-26,2018-03-28 18:14:19.254327,315 Films,No More Talk Productions
7028718,Kawela,2017-04-21,2018-03-28 18:14:20.067512
5566608,O Dia em que Explodiu Mabata Bata,2017-04-30,2018-03-28 18:14:21.493168,Bando à Parte,Promarte
3331866,Never Came Back,2017-04-20,2018-03-28 18:14:22.404097,Soldier Filmworks
5496308,Il resto con i miei occhi,2017-04-09,2018-03-28 18:14:23.246707,A Film productions,Arturo and Mario Productions,IMAIE
5876196,Lovesick 2,2017-04-23,2018-03-28 18:14:24.099975,New GenerAsian Pictures,New GenerAsian Pictures,Refugee Production Company
4778372,A Superfície da Sombra,2017-04-07,2018-03-28 18:14:25.140790,Accorde Filmes,Pelícano Producciones
3768390,The Mutineer,2017-04-29,2018-03-28 18:14:26.006624
5350300,Hunters' Crossing,2017-04-21,2018-03-28 18:14:27.748805,Hidden Gnome Films,Hidden Gnome Films
7604572,Duck Town,2017-04,2018-03-28 18:14:28.441134
5224894,Porki Huccha Venkat,2017-04-28,2018-03-28 18:14:29.184143,Sri Sankashtahara Ganapathi Cine Picture
4955636,The Trees That Bled,2017-04-21,2018-03-28 18:14:30.206361,Look Busy Media
6968708,Jojoen,2017-04-23,2018-03-28 18:14:30.926778
5085872,Metamorphosis A.D.,2017-04-16,2018-03-28 18:14:32.069682
6981136,Jie se shi,2017-04-14,2018-03-28 18:14:32.860394
5973056,Mustard Chocolate,2017-04-29,2018-03-28 18:14:35.491835,Asia Pictures Entertainment (APE),Office Invader
6318530,Zakir Khan Live,2017-04,2018-03-28 18:14:36.465862,OML Entertainment
6192044,Scent of Cigar,2017-04-11,2018-03-28 18:14:37.235409,Vyaasachitra Productions
6350740,Rokudenashi,2017-04-15,2018-03-28 18:14:38.085170,Continental Circus Pictures (CCP)
6857366,Snow in Midsummer,2017-04-23,2018-03-28 18:14:38.877278
5819518,Let's Talk About 'It',2017-04-11,2018-03-28 18:14:39.820857,Cineddiction Films
5370114,Band of Keepers,2017-04-14,2018-03-28 18:14:40.705210,California Videowork,Niebauer Films
6948198,Comment Awards: The Movie,2017-04-27,2018-03-28 18:14:41.423403
7383740,My China Doll,2017-04-21,2018-03-28 18:14:42.284204
8129580,The Super Royal Highness,2017-04-02,2018-03-28 18:14:43.133963,Beijing Tmeng Network Technology Co.,Huihuang Culture,Mtang
6616622,Spasti Pushkina,2017-04-27,2018-03-28 18:14:44.178240,KARO-Production
6903444,Tâsha Tsûdâ: Shizukana mizu no monogatari,2017-04-08,2018-03-28 18:14:45.275145,Kadokawa,Telecom Staff
6697556,Nereden Nereye,2017-04-28,2018-03-28 18:14:46.263828,3leven,Insignia Productions
5915520,Strange Bird,2017-04-23,2018-03-28 18:14:47.220969,Welling Films
5667616,Faith Check,2017-04-25,2018-03-28 18:14:48.107973,Starcrossed Productions
5268888,Reflejos,2017-04-01,2018-03-28 18:14:48.877018,Grupo Enmente
6610954,The Missing Sun,2017-04-02,2018-03-28 18:14:49.752848
6714252,The Alpha Omega Man,2017-04-04,2018-03-28 18:14:50.733010,Gooey Film Productions
3333158,For Nicole's Sake,2017-04,2018-03-28 18:14:52.248117,C Word Productions
6335916,That's Life,2017-04-07,2018-03-28 18:14:53.397680,Guess Films,Lionheart Productions Limited
6941984,Toublanc,2017-04-24,2018-03-28 18:14:54.528277
6854632,Big Earth: Hotel California,2017-04-16,2018-03-28 18:14:55.394731,ABC Bildungs- und Tagungszentrum e.V.,DirectorsCut,Hüller Medienwerkstatt e.V.
5936844,Asli Punjab,2017-04-21,2018-03-28 18:14:56.215441,Avtesh Brar Production
3953804,Turning the Hands of Time,2017-04-24,2018-03-28 18:14:57.076813,Saltire Productions
6646354,Sweet Love,2017-04-26,2018-03-28 18:14:57.765143,Lacuna Pictures
6789018,Cícero impune,2017-04-23,2018-03-28 18:14:58.695124
7632814,Two Cold Eyes,2017-04-04,2018-03-28 18:14:59.352373
6497020,A Very Ghostly Murder,2017-04-05,2018-03-28 18:15:00.078795
5963614,Brave Heart (Jidd Jagnyachi),2017-04-07,2018-03-28 18:15:00.973242
7691200,Smile Factor,2017-04-20,2018-03-28 18:15:02.018534,Firenze Produzioni Cinematografiche,Time Production
6673830,Beyond the Valley of Belief,2017-04-08,2018-03-28 18:15:03.110945,Rock Bottom Video
2389034,Super Mehra Bros,2017-04-04,2018-03-28 18:15:04.704437,Paperhouse Productions
4048342,The Passion of Paul Ross,2017-04-29,2018-03-28 18:15:05.579264,Third Lows Productions
6571670,Myth Kill Joke,2017-04-21,2018-03-28 18:15:06.360341,Shenzhen Haiyuan Dream Media
7048954,Loser's Adventure,2017-04-29,2018-03-28 18:15:07.109837
7961834,Nilanjana,2017-04-24,2018-03-28 18:15:07.911536,Sinosip Vision
5026522,The Bench,2017-04-25,2018-03-28 18:15:08.694126,Happy Brown Dog Films
6727978,When the Old Phone Rings,2017-04-21,2018-03-28 18:15:09.535016
7837012,Monde monyû-mu: Moe musume makai e iku,2017-04-14,2018-03-28 18:15:10.220840,Nabe Cinema
6866280,Marie's Attitude,2017-04-26,2018-03-28 18:15:11.019287,Ditta Produktion
6821262,Alternative Theories of Physics,2017-04-18,2018-03-28 18:15:11.837880
7585522,Dark Butterfly,2017-04-27,2018-03-28 18:15:12.572334,China Movie Channel SARFT
6784770,The Daydreamer's Notebook,2017-04-18,2018-03-28 18:15:13.432119,Michael Saul Productions
6539390,Ruth: A Faithful Journey,2017-04-18,2018-03-28 18:15:14.250321,Ministry in Movies,Whats The Rush?,Potential Videos
4841808,Digital Athletes: The Road to Seat League,2017-04-27,2018-03-28 18:15:15.076518,Halestorm Productions,Elizsim Digital
6737634,Shlakoblok,2017-04-01,2018-03-28 18:15:16.235661,PP Studio,Terra Studio
5891940,Spectrum: Dance in a New Light,2017-04-22,2018-03-28 18:15:17.052350,Little Dude Films
5975956,Embrace of Mateo's Blood Part 3,2017-04-29,2018-03-28 18:15:17.900163,MJD Productions
6274224,The Practical Joke,2017-04-01,2018-03-28 18:15:18.697304,PEHJ Productions
3226570,Snakebite Protection Chronicles,2017-04-07,2018-03-28 18:15:19.650339
6916936,Ichak,2017-04-14,2018-03-28 18:15:20.316612
6685410,Dobra vila: Zakljucana Carolija,2017-04-08,2018-03-28 18:15:21.060089
7613278,Dreams Video Parlour,2017-04-27,2018-03-28 18:15:21.839664
1884415,Shepherd,2017-04-12,2018-03-28 18:15:22.657852
6794770,Gwendolyn,2017-04,2018-03-28 18:15:23.894161,Happy Smile Films,Rosenguez Productions
3357900,Soleil Rouge,2017-04-02,2018-03-28 18:15:24.750435,L'art image,Toupie Films,Toupie Films
8178546,Mimikaki randebu,2017-04-20,2018-03-28 18:15:25.523491
5752634,Lucas Chronicle,2017-04-21,2018-03-28 18:15:26.443438,JJ Films España
7242212,La Forma Del Mundo: the Shape of the World and the Creation,2017-04-01,2018-03-28 18:15:27.154831
4837074,Ritoru Kyouta no bouken,2017-04-01,2018-03-28 18:15:28.298055,Little Neon Films,Tetra Co.
6856604,Tunu: The Gift,2017-04,2018-03-28 18:15:29.066598
6918070,Iz Ufy s lyubovyu,2017-04-13,2018-03-28 18:15:29.996126,AskarFilm
7938598,The torture,2017-04-16,2018-03-28 18:15:30.757291,LIMIT Production
6482824,La cour des murmures,2017-04-05,2018-03-28 18:15:31.558458,TS Productions
7416814,Los Hermanos Karaoke,2017-04-21,2018-03-28 18:15:32.264336,Cine Humus
7407470,The road back,2017-04-28,2018-03-28 18:15:34.456214,Beijing Zhongyi Yingna Media
5995024,Der Nowak,2017-04-02,2018-03-28 18:15:36.081591,Cinelabs Romania,Paola Alvarez Filmproduktion
6776410,Bibi,2017-04-13,2018-03-28 18:15:36.884200
6266406,4 Men & Monica,2017-04-01,2018-03-28 18:15:38.313538,Lily Bea Productions
7837234,Oba-chan no hime-goto: Kyonyû tsuma to hentai tsumanara?,2017-04-28,2018-03-28 18:15:39.195884,Matsuoka Production
6618494,Kao na filmu,2017-04-01,2018-03-28 18:15:40.086799
4346510,34 Inches,2017-04-08,2018-03-28 18:15:41.056338
6903382,Yuuki Yuuna wa yuusha de aru: Washio Sumi no shou dai-2-shou 'Tamashii',2017-04-15,2018-03-28 18:15:41.996917
7923698,Blackbird: Il film,2017-04-06,2018-03-28 18:15:43.001137,Zero Films Productions
6670680,Musical Chair,2017-04-07,2018-03-28 18:15:43.877970,Spirogyra India
5076082,Low Notes,2017-04-05,2018-03-28 18:15:44.655538
6442936,Couriers,2017-04-10,2018-03-28 18:15:45.365545
7059688,Love,2017-04-28,2018-03-28 18:15:46.130170
7061094,Borderline,2017-04-10,2018-03-28 18:15:47.020393
6857314,The Greater Father,2017-04-16,2018-03-28 18:15:47.729793
6944048,Unten,2017-04-22,2018-03-28 18:15:48.523311,Great_M-Media Film Studios
6809936,Kureyon Shinchan: Shûrai!! Uchûjin shiriri,2017-04-15,2018-03-28 18:15:49.651041,Toho
6661736,Hikari to hage,2017-04-22,2018-03-28 18:15:50.419379,Spotted Productions
6521338,The Last Waltz in August,2017-04-01,2018-03-28 18:15:51.394669,Life Traveler Films
5868226,Stix,2017-04-10,2018-03-28 18:15:52.095127,VSJ Productions
7308102,Blind Love/Slepaya lyubov,2017-04-06,2018-03-28 18:15:52.827576,Sezar Films
6732058,Comic Wars: Kaomic,2017-04-02,2018-03-28 18:15:53.636225
6798336,Dalla Regia Marina alla Decima Mas,2017-04-19,2018-03-28 18:15:54.500576,Ronin Film Production
6380674,L.O.V.E: Living One Vibrational Energy,2017-04-08,2018-03-28 18:15:55.222996,Wounded Wasteland Productions
4549072,Dog Five,2017-04-01,2018-03-28 18:15:56.581610,A Michael Stoller Production,M 2 The C Productions
6684814,My Long Strange Trip in North Korea,2017-04-12,2018-03-28 18:15:57.285483
7690560,Trivia,2017-04,2018-03-28 18:15:57.949762
6724938,Norman Jones,2017-04-23,2018-03-28 18:15:58.748888
6925098,"2085-nen, ren'ai shoumetsu.",2017-04-08,2018-03-28 18:15:59.435766
5604002,"M. Pearls, A.A.L. The Movie",2017-04-26,2018-03-28 18:16:00.258454
4765220,Le conte des sables d'or,2017-04-12,2018-03-28 18:16:00.980689,Cine3d,Home-Ecole Romand (HER)
6800172,One Year In,2017-04-30,2018-03-28 18:16:01.813917,Fog House Films
5603524,Cloud Gamez: The Road to the Chronathalon,2017-04-20,2018-03-28 18:16:02.636138,Real.Amaru Comedy Productions
6118662,Polos Opuestos,2017-04-15,2018-03-28 18:16:03.414711,Roman Films & Cinema
7972000,Junko,2017-04-28,2018-03-28 18:16:04.423904,Kesar Entertainment,An AVT Films,A Bollywood Yorker Films
8141324,Aaron Sanchez: Limitless,2017-04-09,2018-03-28 18:16:05.101301,Rogers Sportsnet
7211590,Brontosaurus,2017-04-22,2018-03-28 18:16:06.013131,Reel Vagabonds
6802074,Disposable,2017-04-03,2018-03-28 18:16:06.717506
6761458,Maly Jakub,2017-04-21,2018-03-28 18:16:07.653495,Wytwórnia Filmów Dokumentalnych i Fabularnych (WFDiF) Warszawa
7007222,Dulcy and Red,2017-04-20,2018-03-28 18:16:08.162889,Scissor Rock and Key Studios
6772358,June and Arrow,2017-04-07,2018-03-28 18:16:08.910954
6464938,Shunkashûtô monogatari,2017-04-08,2018-03-28 18:16:09.703614
6761504,Operation Blizzard,2017-04-09,2018-03-28 18:16:10.638693,Thousand Word Pictures
7479184,Liar's Dice,2017-04-17,2018-03-28 18:16:11.472912,CineLite,Midas Entertainment,SlamBam
6686448,Umibe no Shuukan taishuu,2017-04-23,2018-03-28 18:16:12.364367
6922972,Bank El Hazz,2017-04-05,2018-03-28 18:16:13.323420
6968706,Masuyama Chounouryokushi jimusho: Gekijouban wa koi no aji,2017-04-23,2018-03-28 18:16:14.036816
6750696,The Human Condition of the Green Flamingo,2017-04-24,2018-03-28 18:16:15.154565,Pizdets Pictures
6829408,Legends of Marithia: Changing Faces,2017-04-25,2018-03-28 18:16:15.978290,Little Dog Productions
7998160,Apon Manush,2017-04-28,2018-03-28 18:16:16.720489
6994288,One,2017-04-14,2018-03-28 18:16:17.767291,Shree Venkatesh Films
7618628,"Artemisia, una donna appassionata",2017-04-09,2018-03-28 18:16:18.587297,Doclab S.r.l.
6330302,Chapter 5,2017-04-28,2018-03-28 18:16:19.655639,E&H; Productions,MindTwist Media
6776318,Fain Qalbi,2017-04-13,2018-03-28 18:16:20.573587
8146368,Ciao Cherie,2017-04,2018-03-28 18:16:21.299539
6781770,Ahí viene,2017-04-14,2018-03-28 18:16:23.079683
6842402,Little Investigators,2017-04-02,2018-03-28 18:16:24.873692,"Dreamality Corp, The"
7837126,Jukujo virgin: Momarete Minato-chô,2017-04-28,2018-03-28 18:16:25.719482,Blue Forest Film
7084420,Pakeriran,2017-04,2018-03-28 18:16:26.553217,Indigenous Peoples Cultural Foundation
7064620,Inner Court,2017-04-16,2018-03-28 18:16:27.540361
6971276,Istahar,2017-04-12,2018-03-28 18:16:28.344499,Miriam Barzel Productions
6994514,One IV,2017-04,2018-03-28 18:16:29.279492,SVF Entertainment Pvt. Ltd.
6733204,Tayutau,2017-04-01,2018-03-28 18:16:30.144856,Mola Mola Press
7951596,Ayyanar Veethi,2017-04-28,2018-03-28 18:16:31.183617
5711254,Snjór og Salóme,2017-04-07,2018-03-28 18:16:32.345708,Stofa 224
6950490,Mandy: The Social Drama,2017-04,2018-03-28 18:16:33.098211
6584146,Mormon Dog Story,2017-04-26,2018-03-28 18:16:33.998492
6903416,Eiga Kamisama miranai himitsu no kotodama: Kiseki o okose Teppuru to dokidoki kokotamakai,2017-04-28,2018-03-28 18:16:34.817672
7837076,Kokan no junshin: Porori to tsunagaru,2017-04-21,2018-03-28 18:16:35.698013,Office Yoshiyuki
6532658,Blaue Magie - Wasser im Südwesten,2017-04-26,2018-03-28 18:16:36.544288,SWR Fernsehen
6968734,Kupipo SOS!,2017-04-22,2018-03-28 18:16:37.392543
7436228,Heroine Mu Guiying,2017-04-12,2018-03-28 18:16:38.126995
6181764,Pela Primeira Vez,2017-04-10,2018-03-28 18:16:39.012852,Maré Filmes,Ocio Creative Label
6107268,Backfire,2017-04-14,2018-03-28 18:16:39.962378,Galaxy Productions,Thot Process
6413956,Matsumoto Tribe,2017-04-15,2018-03-28 18:16:40.865697
6757070,Network's Race,2017-04-13,2018-03-28 18:16:41.822743,Cinemuns Entertainment
6728472,The Guilty Misfits,2017-04-02,2018-03-28 18:16:42.848035,RuturajD Film Productions
6502334,Doub 6,2017-04-08,2018-03-28 18:16:44.016070,Maximal Entertainment,Kreyolism Pictures
7146348,Romanorum,2017-04-29,2018-03-28 18:16:44.796055,Low Plains Productions
7177304,Jews Jungle,2017-04-04,2018-03-28 18:16:45.599692,Screenkonfekt
4662704,Runaway Highway,2017-04-30,2018-03-28 18:16:46.397318,Silly Sister Pictures
6782106,Waves,2017-04-21,2018-03-28 18:16:47.359890
5169578,Soul Goal,2017-04-01,2018-03-28 18:16:49.055484,Paddington Films
6765816,Chamm,2017-04-26,2018-03-28 18:16:49.954278,A Dhir Productions
6813260,Project Eve,2017-04-21,2018-03-28 18:16:50.762486
6748368,287G Black Latina,2017-04-25,2018-03-28 18:16:51.708584,BossDiVaz ProductionZ
6158056,The Widow in Black,2017-04-04,2018-03-28 18:16:52.520337
6387670,Katamalanasie,2017-04-08,2018-03-28 18:16:53.276346,Subobscura Films
7836966,Seishun riverside: Futari de ikou,2017-04-07,2018-03-28 18:16:54.179984,Cement Match
7457166,La Segunda Dama,2017-04-12,2018-03-28 18:16:55.079878,Sihil Producciones
6330416,The Meeting,2017-04-14,2018-03-28 18:16:55.927684,Winkler Pictures
5608182,Mission Apocalypse: Part 2,2017-04-04,2018-03-28 18:16:56.910315
6740666,An Evil Thirst,2017-04-07,2018-03-28 18:16:57.700917,"Lift, The"
6788956,Amor de Ultratumba,2017-04-13,2018-03-28 18:16:58.461942,Margen Cine
7758598,Ana Mendieta 'Poetry in Motion',2017-04-14,2018-03-28 18:16:59.325771,"Estate of Ana Mendieta, The"
8042068,Superhero A-Go-Go,2017-04-18,2018-03-28 18:17:00.278806
5767604,Opperah,2017-04-09,2018-03-28 18:17:01.135083
6803476,Oz Comic Con The Movie,2017-04-04,2018-03-28 18:17:02.310780,EJsFilms
6764416,Le Cid chanté par Antoni Rossell,2017-04-10,2018-03-28 18:17:03.213741,Ciham
7949388,Proxy,2017-04,2018-03-28 18:17:03.990809
7951614,Viruthachalam,2017-04-07,2018-03-28 18:17:04.889239
6968744,Teton: Yama no koe,2017-04-21,2018-03-28 18:17:05.676407,Beach & Field Film
7204450,Yeosu bambada,2017-04-30,2018-03-28 18:17:06.463001
7064840,Complexado,2017-04-18,2018-03-28 18:17:07.414544,ACAFilmes
6754540,B-Mo & C-Mo Take On Las Vegas,2017-04-27,2018-03-28 18:17:08.402201,Hazel Vision Films
6968710,Arienasasugiru onna: Hikokunin Yoshie,2017-04-21,2018-03-28 18:17:09.279034
6273384,Oleum,2017-04-12,2018-03-28 18:17:10.009476,Forma Animada
6462950,Son ellas,2017-04-01,2018-03-28 18:17:10.737557
6831014,NJPW Sakura Genesis,2017-04-09,2018-03-28 18:17:11.675101,New Japan Pro-Wrestling Co
5864144,Ambush at Peck Canyon,2017-04-15,2018-03-28 18:17:12.390522,Laughing Wolf Productions
6645106,Nomad,2017-04,2018-03-28 18:17:13.275358
6686170,Mie o haru,2017-04-06,2018-03-28 18:17:14.035880
6984702,Ankur,2017-04-07,2018-03-28 18:17:21.604227,Dew Drops Films
6968726,Chikyuu ga konagona ni nattemo,2017-04-22,2018-03-28 18:17:23.068661
6958814,Ode of a Sabine Diva,2017-04-04,2018-03-28 18:17:23.797640
6375168,Played,2017-04-11,2018-03-28 18:17:24.647940
7044994,Self-Possessed,2017-04,2018-03-28 18:17:25.480917
6661296,Osomatsusan: Haru no zenkoku daisenbatsu joueisai,2017-04-06,2018-03-28 18:17:26.297354
7491994,Country World,2017-04,2018-03-28 18:17:27.135623
6794002,E agora?,2017-04-01,2018-03-28 18:17:27.954223
6686224,Umi e iku hanashi,2017-04-04,2018-03-28 18:17:29.270023
6968700,N.Y. Makkusuman,2017-04-22,2018-03-28 18:17:30.040752
6005542,Mobo Moga,2017-04-21,2018-03-28 18:17:30.772706
5336630,Underneath,2017-04-04,2018-03-28 18:17:31.621021,Lightspan Entertainment
5914974,One More Mind,2017-04-10,2018-03-28 18:17:32.434894,Directions
7099118,Vindicta,2017-04-30,2018-03-28 18:17:33.406556,Blue Forge Productions
6903462,Marude itsumono yoru mitaini,2017-04-29,2018-03-28 18:17:34.206740,Sukoburu Filmworks
6758018,Vanitas,2017-04-18,2018-03-28 18:17:34.969333
1948196,Torpor Revisitado,2017-04-25,2018-03-28 18:17:35.708323
6903388,Midareuguisu,2017-04-15,2018-03-28 18:17:36.411712
6825748,Intrusion,2017-04,2018-03-28 18:17:37.055926
7803790,Black Friday: Dark Dawn Zero,2017-04-06,2018-03-28 18:17:37.981387,Moto Entertainment
6844378,Entretien avec Jean Croque,2017-04-26,2018-03-28 18:17:38.853218,Aimté Films
7227832,Parwaz,2017-04-28,2018-03-28 18:17:39.630274
6968752,Nekketsu Yamato shoutengai,2017-04-21,2018-03-28 18:17:40.439263,Daiwa House Industry
6903450,Yamikin riaru gêmu,2017-04-22,2018-03-28 18:17:41.159701,Copyrights Factory,Nihon Sky Way
7152986,Math Lab,2017-04-06,2018-03-28 18:17:41.971361,Brickful
6925074,Bonnou jajji,2017-04-09,2018-03-28 18:17:42.732031
6968720,Hana wa daidai,2017-04-21,2018-03-28 18:17:43.500576
6748920,A Call to the Dark,2017-04-06,2018-03-28 18:17:44.435485,Global Terror Productions
7369640,Stay Tuned,2017-04,2018-03-28 18:17:45.268781
6313854,Smell the Funk (L'histoire Des Hell's Kitchen),2017-04-07,2018-03-28 18:17:46.140099
6941812,Mario on tour,2017-04,2018-03-28 18:17:46.867744
6968718,Fôtîn,2017-04-21,2018-03-28 18:17:47.457909
6968702,Joshi kousei tantei Aichan,2017-04-22,2018-03-28 18:17:48.242994
6903438,Taiga meguru,2017-04-08,2018-03-28 18:17:48.966458
7913820,Heaven,2017-04,2018-03-28 18:17:49.651781
7074998,MyRadar Virtual Reality Experience,2017-04,2018-03-28 18:17:50.403870
7435544,Sacrifice: The Chinese Opera,2017-04-21,2018-03-28 18:17:51.146845
6968730,Danshingu dasuman,2017-04-22,2018-03-28 18:17:51.938451
6968732,Mukougawa,2017-04-22,2018-03-28 18:17:52.788727
7000194,The Flying Bullet,2017-04-04,2018-03-28 18:17:53.436510,Heroes Like Me Entertainment
8203114,The Set Up,2017-04-12,2018-03-28 18:17:54.255688
