3371366,Transformers: The Last Knight,2017-06-21,2018-04-03 20:21:42.318937,Paramount Pictures,Hasbro,Di Bonaventura Pictures,Huahua Media,Ian Bryce Productions,Tom DeSanto/Don Murphy Production
3469046,Despicable Me 3,2017-06-30,2018-04-03 20:21:43.101370,Illumination Entertainment,Universal Pictures
3606752,Cars 3,2017-06-16,2018-04-03 20:21:44.019495,Pixar Animation Studios,Walt Disney Pictures
4572792,The Book of Henry,2017-06-23,2018-04-03 20:21:45.320730,Double Nickel Entertainment,Sidney Kimmel Entertainment
4481514,The House,2017-06-30,2018-04-03 20:21:46.140374,Gary Sanchez Productions,Good Universe,New Line Cinema,Village Roadshow Pictures
4799050,Rough Night,2017-06-16,2018-04-03 20:21:47.897849,Paulilu Productions,Sony Pictures Entertainment (SPE)
4411596,My Cousin Rachel,2017-06-09,2018-04-03 20:21:50.648911,Fox Searchlight Pictures,Free Range Films
3481634,Inconceivable,2017-06-30,2018-04-03 20:21:51.323334,Baker Entertainment Group,Emmett/Furla/Oasis Films (EFO Films),Higrowth Films,Ingenious Media
1666185,All Eyez on Me,2017-06-16,2018-04-03 20:21:52.208158,Morgan Creek Entertainment Group,Program Pictures,Voltage Pictures
2091256,Captain Underpants: The First Epic Movie,2017-06-02,2018-04-03 20:21:52.871219,DreamWorks Animation,Treehouse Comix
1131724,2:22,2017-06-30,2018-04-03 20:21:54.440980,Lightstream Entertainment,Pandemonium,Screen Australia,Walk The Walk Entertainment
4694544,Once Upon a Time in Venice,2017-06-16,2018-04-03 20:21:55.119626,Voltage Pictures
5539054,You Get Me,2017-06-23,2018-04-03 20:21:55.965019,Awesomeness Films
2674358,The Hunter's Prayer,2017-06-09,2018-04-03 20:22:03.689806,Apollo Media,Elipsis Capital,FilmEngine,Full Clip Productions,HP Yorkshire Limited,Hunters Prayer Production Spain,Lipsync Productions,Maple Leaf Films,Screen Yorkshire,Vandal Entertainment
1386691,Shimmer Lake,2017-06-09,2018-04-03 20:22:05.076131,Footprint Features,Writ Large
5737582,Midnighters,2017-06-19,2018-04-03 20:22:05.664422,Graystone Pictures
5767628,Kill'em All,2017-06-06,2018-04-03 20:22:07.874434,Arramis Films,Destination Films,ITN Films,Kill 'Em All Productions,March On Productions
5831402,The Feels,2017-06-09,2018-04-03 20:22:08.844953,Provenance Pictures
5665452,Sun Dogs,2017-06-18,2018-04-03 20:22:09.409301,Fábrica de Cine,Caviar,Apartment 3C Productions,Twilight Merengue Studios
2018111,And Then I Go,2017-06-16,2018-04-03 20:22:10.476181,Two Flints,Lunacy
5039578,The Year of Spectacular Men,2017-06-16,2018-04-03 20:22:10.991406,Parkside Pictures,Tadross Media Group
5610626,Dragonheart: Battle for the Heartfire,2017-06-13,2018-04-03 20:22:11.490270,Castel Film Romania,Universal 1440 Entertainment
2312184,All About the Money,2017-06-02,2018-04-03 20:22:12.183627,Wunderkind Pictures,Planet Rock Films
3311020,Be Afraid,2017-06-01,2018-04-03 20:22:13.962046,DarkShed,Quest Pacifica
5722516,Kuleana,2017-06-23,2018-04-03 20:22:15.507464,Hawaii Cinema
6213952,Anything,2017-06-17,2018-04-03 20:22:16.148168,Chaotik,ONEZERO Films,Slendro Media
5114154,The Keeping Hours,2017-06-15,2018-04-03 20:22:18.270752,Blumhouse Productions
4314716,Darkness Rising,2017-06-30,2018-04-03 20:22:19.061286,Storyboard Entertainment,Compass Entertainment,Bump in the Night,Liquid Theory
6398360,Love's Last Resort,2017-06-17,2018-04-03 20:22:21.195864,Distilled Media
3833682,Tinker,2017-06-16,2018-04-03 20:22:21.710826,KoCreo Productions,KoCreo Productions
3449322,Dirty Lies,2017-06-07,2018-04-03 20:22:22.959133,Marshall Law Entertainment
3291632,After School Special,2017-06-27,2018-04-03 20:22:23.552807,Switzer Entertainment Group,Safier Entertainment,Traplight Pictures,Legitimate Rascal Films
5689632,Trouble,2017-06-08,2018-04-03 20:22:24.359109,Slendro Media,Washington Square Films
4172498,E19 Virus,2017-06-16,2018-04-03 20:22:25.164401
5213870,Pray for Rain,2017-06-16,2018-04-03 20:22:27.093892,ESX Entertainment,ESX Productions
2928840,Nobility,2017-06-27,2018-04-03 20:22:30.455705,Cowboy Errant
5922124,A Crooked Somebody,2017-06-21,2018-04-03 20:22:33.516430,Star Thrower Entertainment,Storyboard Entertainment,Synergics Films
3605266,Everything Beautiful Is Far Away,2017-06-21,2018-04-03 20:22:34.320923,MANALI PICTURES,Lauren Edward Productions
4768592,Live or Die in La Honda,2017-06-11,2018-04-03 20:22:35.398170,Wisconation Productions
6261048,"Love, Kennedy",2017-06-02,2018-04-03 20:22:36.246964,Remember Films
2429278,The Ghost and The Whale,2017-06-01,2018-04-03 20:22:37.309003,Ghost and the Whale
6680792,CarGo,2017-06-06,2018-04-03 20:22:37.896497,"Asylum, The"
4712754,Pitching Tents,2017-06-06,2018-04-03 20:22:39.757517,Meritage Pictures
4937114,Rogue Warrior: Robot Fighter,2017-06-06,2018-04-03 20:22:41.321604,Empire Motion pictures,Pacific Coast Entertainment
4520924,Beauty Mark,2017-06-16,2018-04-03 20:22:42.344272,"Group Entertainment, The",Hideout Pictures,Madison Square Films
4894198,Death Pool,2017-06-20,2018-04-03 20:22:45.950340,Traplight Pictures
7009668,Netflix and Chill,2017-06-09,2018-04-03 20:22:46.894810,Stumble-through Productions
4762592,200 Degrees,2017-06-06,2018-04-03 20:22:47.959868,Smoke Hammer Media,West Arts
5249200,Don't Come Back from the Moon,2017-06-20,2018-04-03 20:22:49.757945,Elysium Bandini Studios,Kalamalka Productions
4788736,Central Park,2017-06-06,2018-04-03 20:22:50.545809,Feast and Bourbon Films
4300776,Mirror Game,2017-06-02,2018-04-03 20:22:51.630480,Icelerate Films,Diamond Films (II),Swen Entertainment PVT,Rolling Box Films,Industrywalas
6371588,The Song of Sway Lake,2017-06-21,2018-04-03 20:22:52.281210,Grack Films,Social Construct,Act Zero Films
4341390,Alaska Is a Drag,2017-06-23,2018-04-03 20:22:54.462616,4248 Productions,Fishbowl Films
4741768,By Any Means,2017-06-27,2018-04-03 20:22:55.023639,Triventure Films
5811154,Forsaken,2017-06-13,2018-04-03 20:22:55.887495,MarVista Entertainment,SaigeBelle Films
5475468,20 Weeks,2017-06-19,2018-04-03 20:22:56.444480,Meritage Pictures,Spicy Mango Productions
3750238,Besetment,2017-06-06,2018-04-03 20:22:57.494343,Barbed Wire Films,Blue Couch Media
5079608,You're Gonna Miss Me,2017-06-06,2018-04-03 20:22:59.148089,Team 2 Entertainment,Vaquero Entertainment
5244974,Random Tropical Paradise,2017-06-09,2018-04-03 20:23:00.211839,Shabash Films,Grandex Productions
6243274,County Line,2017-06-16,2018-04-03 20:23:01.335245,Imagicomm Films
5442884,Hope Dances,2017-06-03,2018-04-03 20:23:02.912882,Bright River Productions,Community Television of Santa Cruz County,Kornorstone Pictures
5580602,Inheritance,2017-06-02,2018-04-03 20:23:04.087821,Portola Pictures
4919240,Tater Tot & Patton,2017-06-09,2018-04-03 20:23:05.009165,KandamarK,Mynnalon Pictures
7107018,Coffee with Ana,2017-06-01,2018-04-03 20:23:05.986008,New Zealand Son Films
6196754,Say You Will,2017-06-08,2018-04-03 20:23:06.969832,Ghost Rain Pictures
4828304,Hush Money,2017-06,2018-04-03 20:23:09.914266,GritHouse Films,Jupiter Xponent Productions,Main Man Films,Noir Concepts
6167472,The Passenger,2017-06-09,2018-04-03 20:23:10.447695,308 Ent,Hype Film,Moving Picture Company (MPC)
4337500,Life Hack,2017-06-03,2018-04-03 20:23:10.918087,Self Conscious Entertainment
5040108,Game Day,2017-06-10,2018-04-03 20:23:12.038779,Movie Night Media
4662708,My Other Home,2017-06,2018-04-03 20:23:13.409951,Beijing Forbidden City Film,Beijing Hairun Pictures Company,Desen International Media,EnMaze Pictures,Ivanhoe Pictures,SK Global
5132628,Trust (and Other Lies We Tell Ourselves to Sleep at Night),2017-06-07,2018-04-03 20:23:14.190719
3827726,Romeo & Juliet,2017-06-27,2018-04-03 20:23:15.522489,Parking Garage Pictures
4946006,All I Want,2017-06-11,2018-04-03 20:23:16.696081,Center West Movement,Four Dogs Entertainment
6315010,A Doggone Hollywood,2017-06-06,2018-04-03 20:23:19.665382,Team 5 Entertainment
4761100,Fair Market Value,2017-06,2018-04-03 20:23:22.849942,Reelhouse Productions
5974050,Dating My Mother,2017-06-16,2018-04-03 20:23:24.185344
4034930,Baker's Man,2017-06-20,2018-04-03 20:23:25.175135,Mo-tivation Unlimited,Vangard Productions
6492158,Land Shark,2017-06-27,2018-04-03 20:23:26.158993,Polonia Brothers Entertainment
3717234,Navy SEALS v Demons,2017-06-09,2018-04-03 20:23:29.439036,AK Waters Productions,Echosworld Ent,Ripped Boxers Entertainment
5038134,Lore,2017-06,2018-04-03 20:23:30.371831
4002136,Broken Memories,2017-06-15,2018-04-03 20:23:31.108034,Digital Jungle Pictures,Broken Memories
1630657,Sickness,2017-06-17,2018-04-03 20:23:32.941316,SaintSinner Entertainment,Violet Pictures
2340142,Empire of the Heart,2017-06-16,2018-04-03 20:23:33.942705,Gilt Enter Films,Gilt Entertainment
3727646,Thugs vs. Dinosaurs,2017-06-24,2018-04-03 20:23:35.739634,Astroidio
6636716,Last Light of Orion,2017-06-02,2018-04-03 20:23:36.633668,IFLA Entertainment
5228578,The Other Place,2017-06-08,2018-04-03 20:23:37.761190,Synescope Entertainment,XVIII Entertainment
5564932,Moss,2017-06-21,2018-04-03 20:23:38.663180,Solo Pictures,Sunshine Pictures
3948080,Sweet Sweet Summertime,2017-06-01,2018-04-03 20:23:39.502985,Triple Horse Studios,Abington Ridge Films
6144092,En el Séptimo Día,2017-06-25,2018-04-03 20:23:41.494655
3148978,Capps Crossing,2017-06-09,2018-04-03 20:23:42.333120,Aaronde Entertainment
3471520,Safe Inside,2017-06-21,2018-04-03 20:23:43.560569,B+BOY Productions
4573096,Mac Daddy's Vegas Adventure,2017-06-17,2018-04-03 20:23:44.980250,Novell Productions
6673964,The Open Door,2017-06-01,2018-04-03 20:23:45.917467,Salty Earth Pictures
6983908,Wallflower,2017-06-06,2018-04-03 20:23:47.135374,Paradigm Studio
5639410,BnB HELL,2017-06-15,2018-04-03 20:23:48.564254,LawrenceAdisaFilms,Denouement Productions,2 Jack Productions,Ten Lens Productions
3278500,Donovan,2017-06-29,2018-04-03 20:23:52.390859,Brilliant Mania Films,Devoted Consultants
4624724,Hack House,2017-06-14,2018-04-03 20:23:53.572779,Single Malt Pictures
5039992,Natural Vice,2017-06-16,2018-04-03 20:23:54.652185,Prodigium Pictures
4773932,Future Punks,2017-06-15,2018-04-03 20:23:55.819183,Moss Stomper Productions
4730786,Eliza Sherman's Revenge,2017-06-03,2018-04-03 20:23:56.988228
7304150,"It's All Right, It's Ok",2017-06-27,2018-04-03 20:23:58.177158,Vanishing Angle
7604986,Minutia,2017-06-12,2018-04-03 20:23:59.093227,Sasquatch Fever Productions
4279118,Steps,2017-06-11,2018-04-03 20:24:00.159561
6166140,Snowy Bing Bongs Across the North Star Combat Zone,2017-06-19,2018-04-03 20:24:01.203542
6005118,The Thing Before the Thing,2017-06-22,2018-04-03 20:24:01.977010
5904552,Death at a Barbecue,2017-06,2018-04-03 20:24:03.067191,Happy Smile Films,Rosenguez Productions
4930584,Twin Cities,2017-06-11,2018-04-03 20:24:03.739248,355 Productions,Grey Duck Productions
6258256,6 Feet Below Hell,2017-06-20,2018-04-03 20:24:04.983981,Cinema Lexzikon Productions
7001376,The Plague 2: Biohazard Blood,2017-06-11,2018-04-03 20:24:05.551974,FoxTrot Productions
3591860,Revenge of the Lost,2017-06-21,2018-04-03 20:24:07.953012,Franklin-Husser Entertainment
3263912,The Violent States of America,2017-06-15,2018-04-03 20:24:08.811127,1 Media Productions,Visual Pictures Productions,Visual Pictures
4835618,Gutboy: A Badtime Story,2017-06-16,2018-04-03 20:24:10.192847
1665799,Videotape,2017-06-14,2018-04-03 20:24:11.108312,Xteamartists,Off-Centre Studios,BetterHalf Productions
3915368,The Listing,2017-06-22,2018-04-03 20:24:12.519933,Cerrito Productions
6505002,GONE,2017-06-05,2018-04-03 20:24:13.427557,TrollfaceFilms,EP Eagle Studios
7059352,Rose and Viktor: No Mercy,2017-06-01,2018-04-03 20:24:14.379954
6829190,My Country,2017-06-21,2018-04-03 20:24:15.175781,Molise Films
6097248,Revolver Mind,2017-06-01,2018-04-03 20:24:16.415603,Ei2 Media
7222072,Whitefolks,2017-06-28,2018-04-03 20:24:17.054844,Clairvoyant Pictures & Entertainment
5421078,Grief,2017-06-04,2018-04-03 20:24:17.869042,Big E.K.,Cue Mark Films
4916936,Your Own Road,2017-06-20,2018-04-03 20:24:19.026613,Your Own Road Productions
3806820,Romeo & Romeo,2017-06-28,2018-04-03 20:24:20.615705,Jaydon Taylor ZC Productions,Venus Fire Productions,T-Bradley Productions,QC Central
4817008,A Fancy Piece of Homicide,2017-06-23,2018-04-03 20:24:21.688828
7108136,Theseus and the Minotaur,2017-06-22,2018-04-03 20:24:22.766998,Gooey Film Productions
6235850,Palacios,2017-06-11,2018-04-03 20:24:23.656817
6484774,The Worst Nightmare,2017-06-24,2018-04-03 20:24:24.462455
6406534,Marisol,2017-06-15,2018-04-03 20:24:25.475881
7329916,The Dead Bodies in #223,2017-06-30,2018-04-03 20:24:26.613624,Horror Wasteland Pictures,JABB pictures
4838328,Moko Jumbie,2017-06-20,2018-04-03 20:24:27.727262,Icefish
3195826,Fireangels: A Drifter's Fury,2017-06-23,2018-04-03 20:24:28.777495,Burnin Rubber Music Publishing / Royal Middleton Publishing
6206478,Loving Till It Hurts,2017-06,2018-04-03 20:24:29.736904
6976030,The Carrier,2017-06-03,2018-04-03 20:24:30.804759,Nimpire Pictures
3582136,Book of Choices,2017-06-07,2018-04-03 20:24:32.078512,KitnKat Productions
6859700,Tangoborn Menclenty,2017-06-04,2018-04-03 20:24:32.945824
5634442,Convicted,2017-06-01,2018-04-03 20:24:34.121913,Audacity Innovative,Koman Filmworks,R.K. Pictures
4198654,Aria Appleton,2017-06-04,2018-04-03 20:24:35.148748,Grafted Entertainment,Grafted Studios
6086104,Fat Camp,2017-06-21,2018-04-03 20:24:37.432068
5174926,Jealous Gods,2017-06-08,2018-04-03 20:24:38.620942,Konx Om Pax,Belvedere Film
2448022,The Golden Age,2017-06-01,2018-04-03 20:24:39.521771,Anthropomorphic Films
7275980,Mushino,2017-06-04,2018-04-03 20:24:40.299786,Kaiju Century War Pictures,JawsMan Productions
6050720,Darkness Is Coming,2017-06-15,2018-04-03 20:24:41.113077,Devil Dog Film & Movie Productions
7072824,Nightmare Vacation,2017-06-27,2018-04-03 20:24:42.011996
7143958,Covadonga,2017-06-15,2018-04-03 20:24:42.995591,Walls Farm Pictures
7820982,2017 Polaris RZR Mint 400 presented by BFGoodrich Tires,2017-06-25,2018-04-03 20:24:43.901231,Mad Media
6304610,Long Night in a Dead City,2017-06-25,2018-04-03 20:24:45.070686,Scorpio Film Releasing
6431556,The Black Monk,2017-06-07,2018-04-03 20:24:47.790443,Bongiorno Productions Inc.
7674116,Ninja Cowboy Viking vs. the GadgetGents,2017-06-10,2018-04-03 20:24:48.691026,Newton to Newton Productions
7036550,Solatium,2017-06-01,2018-04-03 20:24:49.554585,Bashan Creations
6960770,Ernest Shackleton Loves Me,2017-06-07,2018-04-03 20:24:50.560289,BroadwayHD
5110530,This Too Shall Pass,2017-06-12,2018-04-03 20:24:51.689625
2364690,Ekimmu: The Dead Lust,2017-06-18,2018-04-03 20:24:53.043972,Stone Dead Studios
7018288,The Acid Sorcerer,2017-06-10,2018-04-03 20:24:54.053056
2750468,Manifestation,2017-06-24,2018-04-03 20:24:54.690255,Harvest Moon Motion Pictures
6795056,Waiting,2017-06,2018-04-03 20:24:55.651519,Bojon Productions
6744510,Stupidity,2017-06-02,2018-04-03 20:24:56.562611,Chaos Wolves Productions
7017858,Abina and the Important Men,2017-06-16,2018-04-03 20:24:57.465977,Documentary Film Institute
6329874,"Alien, Baby!",2017-06-18,2018-04-03 20:24:58.383344
4335450,Siren City,2017-06-30,2018-04-03 20:24:59.424945,Sle7endary Pictures
4190816,"Cerritos, I Love You",2017-06-05,2018-04-03 20:25:00.386617
4494556,Strife,2017-06-11,2018-04-03 20:25:01.191414,MUP productions
7010380,Paul Simon the Concert in Hyde Park,2017-06-09,2018-04-03 20:25:01.976343,Lebeau Films
6680136,The Nine-Ball Corridor,2017-06-07,2018-04-03 20:25:05.049738,Box Smasher Productions
7083480,Believe in Me: A Cinderella Mini Musical,2017-06-18,2018-04-03 20:25:07.104293,Deck View Pictures,Foreverland World Films
5120072,Guffpunch,2017-06-01,2018-04-03 20:25:07.985038
5467730,Submerge: Echo 51,2017-06-30,2018-04-03 20:25:08.818165,DV Entertainment Pictures,GEM Filmworks
6778716,ALIEN CITIZEN: An Earth Odyssey,2017-06-10,2018-04-03 20:25:09.569440,HapaLis Prods
4330270,Vestige,2017-06-15,2018-04-03 20:25:10.584705,Noisome Misdeeds
3210052,Apocalypse: Hope for Life,2017-06,2018-04-03 20:25:11.676429
6649612,Thanks for Nothing,2017-06-21,2018-04-03 20:25:12.665596,Cuss & Spit Pictures
7354092,Caleb a Living Miracle,2017-06-29,2018-04-03 20:25:13.217758,Lorient Vision Production
7042232,Assassin,2017-06-20,2018-04-03 20:25:14.232428,Fallen Angel Pictures
6897192,Kings of Leon: Live from Memphis,2017-06-23,2018-04-03 20:25:15.184344,City Drive Films
7655240,Fade Into Nothing,2017-06,2018-04-03 20:25:15.914413
5512058,Love 1.0 Even Without You,2017-06-01,2018-04-03 20:25:16.894811,Synergy Motion
6517046,The Cutting Truth,2017-06-15,2018-04-03 20:25:17.849532,Open Door Productions LLC
5180056,Four Bottles,2017-06-10,2018-04-03 20:25:18.792197,Eclectic Productions,GPS Investment Partners,Words From Here Productions
6839448,Holiday,2017-06-19,2018-04-03 20:25:19.568771
6870762,Camp New: Humble Pie,2017-06-06,2018-04-03 20:25:20.175518,KICKS Flicks
8020410,Unknown Nation: Potion Wars,2017-06-29,2018-04-03 20:25:21.130703,Hakeem Dreams Productions
8052146,The Passing of a Psychopath,2017-06-16,2018-04-03 20:25:22.531109
6329654,The Night Runner,2017-06-15,2018-04-03 20:25:23.305548,Last Alley
7625898,Phineas Bresee: Pastor to the People,2017-06-24,2018-04-03 20:25:24.205558,Inversion
7233844,Reaping Rewards,2017-06,2018-04-03 20:25:25.052405
7149782,Sinnerman,2017-06,2018-04-03 20:25:25.982979
8119090,Drop Everything,2017-06-01,2018-04-03 20:25:27.578623,Matchstick Productions
7136738,Dating in Atlanta: The Movie,2017-06-28,2018-04-03 20:25:28.493806,Lions & Roses Entertainment
4455628,Once Upon a Time in the Congo,2017-06-30,2018-04-03 20:25:29.540704,Cinema 116
7353356,Ricco Da Great: B-Town's Finest,2017-06-13,2018-04-03 20:25:30.480252,AlDroDigital
5826168,My Breakthrough,2017-06-01,2018-04-03 20:25:31.437730,Alexandra Bello Productions,SGM Films
7043912,Clandestine Lives,2017-06-16,2018-04-03 20:25:32.496651,Dean Film Works
7301678,Gravity v Love: 10 Days of Genius - National Geographic,2017-06-06,2018-04-03 20:25:33.423379
7243216,Exotic Excellence the Best of Adrian Street,2017-06-19,2018-04-03 20:25:34.470835,3 Crows b4 Midnight Entertainment Productions
7356452,Undone,2017-06,2018-04-03 20:25:35.177083
6838608,Exact Change,2017-06-21,2018-04-03 20:25:36.346324,G2H Films,Garage Creative Studios,Transforward
7136810,Forsaken,2017-06-11,2018-04-03 20:25:37.255456,Hume Lake Christian Camps
7058020,Fuckin Rich Kids,2017-06-01,2018-04-03 20:25:38.264885,Sunset River Productions
7928396,Äntligen Krig,2017-06-09,2018-04-03 20:25:39.950952,Happy Joe Lucky
6798182,9-22: Democracy Held Hostage,2017-06-01,2018-04-03 20:25:40.699127,Bahar Studios
7156470,Eat,2017-06,2018-04-03 20:25:41.425019
6480964,The Pre Engagement,2017-06-13,2018-04-03 20:25:42.273560,Time Warner
5928870,Road Trip America,2017-06-01,2018-04-03 20:25:43.029888,Ad Hoc Media Partners
7251900,Hindsight,2017-06,2018-04-03 20:25:44.188713
5618854,The Juggler,2017-06-06,2018-04-03 20:25:44.955530,Pastrana Productions
6859022,Spider-Man 2: A Darker Path,2017-06-28,2018-04-03 20:25:45.925294,RedBlock Films
6583832,Leaving Virginville,2017-06-23,2018-04-03 20:25:46.870320
6416112,Everything Happens at Once,2017-06-29,2018-04-03 20:25:47.717091,SailWind
6244552,Thick Water,2017-06,2018-04-03 20:25:50.192138
5155046,Will Reading,2017-06-21,2018-04-03 20:25:50.868317,CreativeJamie
6063596,Toxic,2017-06,2018-04-03 20:25:51.669815
6778708,Song of the Stars,2017-06-21,2018-04-03 20:25:52.951384,Active Galaxy Productions,Over the Sun
6059750,Long Crime No See,2017-06-12,2018-04-03 20:25:53.700887
7010348,Tell 'Em Steve-Dave: Live at the Gramercy Theatre,2017-06-12,2018-04-03 20:25:55.538091,Makin' Hay Productions
7131104,Duet,2017-06-09,2018-04-03 20:25:56.447783,Audio One Productions
6689618,Pearl,2017-06-15,2018-04-03 20:25:57.517389
5932954,Cheap Tattoos,2017-06,2018-04-03 20:25:58.406447,Missing Hill Productions
5200168,Myth Humpers,2017-06-06,2018-04-03 20:25:59.330981,Senestre
6847358,Le Mémorandum De Miller,2017-06-05,2018-04-03 20:26:00.122207
6874386,Gift for the Gallows,2017-06-06,2018-04-03 20:26:01.043021,Xenia Horrorior Pictures
7619922,FluffyMarioBros The Movie 2: Universal Course,2017-06-12,2018-04-03 20:26:01.940215
7014572,Continental Wrestling Fan Fest 2017,2017-06-13,2018-04-03 20:26:03.658943,3 Crows b4 Midnight Entertainment Productions
7254104,Discovery of the Secret,2017-06-05,2018-04-03 20:26:04.451968,Bright Star Productions
6637358,The RyanAustin Movie,2017-06-30,2018-04-03 20:26:05.400355,Go!Animate Studios,KidCool9898 Studios,Ryanimation Entertainment,SLM Films
7316838,Jacques Back,2017-06,2018-04-03 20:26:06.497887
7057414,Madison Animal Hospital,2017-06-18,2018-04-03 20:26:07.364249,imagiNATE Productions
5076754,Facade,2017-06-14,2018-04-03 20:26:08.416956,An Independent Production
6334760,Golden Branches,2017-06-01,2018-04-03 20:26:09.166759,Chakra Productions
7598562,T.H.O.R. vs. The Ex,2017-06-11,2018-04-03 20:26:11.080085
8230462,Tree of Smoke,2017-06-10,2018-04-03 20:26:11.494291
